industry_category,id,name
ETF,0050,元大台灣50
ETF,0051,元大中型100
ETF,0052,富邦科技
ETF,0053,元大電子
ETF,0054,元大台商50
ETF,0055,元大MSCI金融
ETF,0056,元大高股息
ETF,0057,富邦摩台
ETF,0058,富邦發達
ETF,0059,富邦金融
ETF,0060,新台灣
ETF,0061,元大寶滬深
ETF,0080,恒中國
ETF,0081,恒香港
ETF,00636,國泰中國A50
ETF,00639,富邦深100
ETF,00643,群益深証中小
ETF,00645,富邦日本
ETF,00646,元大S&P500
ETF,00649,FH香港
ETF,00652,富邦印度
ETF,00657,國泰日經225
ETF,00660,元大歐洲50
ETF,00661,元大日經225
ETF,00662,富邦NASDAQ
ETF,00667,元大韓國
ETF,00668,國泰美國道瓊
ETF,00678,群益那斯達克生技
ETF,00690,兆豐藍籌30
ETF,00692,富邦公司治理
ETF,00700,富邦恒生國企
ETF,00701,國泰股利精選30
ETF,00702,國泰標普低波高息
ETF,00703,台新MSCI中國
ETF,00709,富邦歐洲
ETF,00712,復華富時不動產
ETF,00713,元大台灣高息低波
ETF,00714,群益道瓊美國地產
ETF,00717,富邦美國特別股
ETF,00728,第一金工業30
ETF,00730,富邦臺灣優質高息
ETF,00731,復華富時高息低波
ETF,00732,國泰RMB短期報酬
ETF,00733,富邦臺灣中小
ETF,00735,國泰臺韓科技
ETF,00736,國泰新興市場
ETF,00737,國泰AI機器人
ETF,00739,元大MSCI A股
ETF,00742,新光內需收益
ETF,00743,國泰中國A150
ETF,00752,中信中國50
ETF,00757,統一FANG+
ETF,00762,元大全球AI
ETF,00767,FH美國金融股
ETF,00770,國泰北美科技
ETF,00771,元大US高息特別股
ETF,00776,新光ICE美國權值
ETF,00783,富邦中証500
ETF,00830,國泰費城半導體
ETF,00850,元大臺灣ESG永續
ETF,00851,台新全球AI
上櫃指數股票型基金(ETF),00858,永豐美國500大
上櫃ETF,00858,永豐美國500大
ETF,00861,元大全球未來通訊
ETF,00866,新光Shiller CAPE
ETF,00875,國泰網路資安
ETF,00876,元大全球5G
上櫃指數股票型基金(ETF),00877,復華中國5G
上櫃ETF,00877,復華中國5G
ETF,00878,國泰永續高股息
ETF,00881,國泰台灣科技龍頭
ETF,00882,中信中國高股息
ETF,00885,富邦越南
上櫃指數股票型基金(ETF),00886,永豐美國科技
上櫃ETF,00886,永豐美國科技
上櫃指數股票型基金(ETF),00887,永豐中國科技50大
上櫃ETF,00887,永豐中國科技50大
上櫃指數股票型基金(ETF),00888,永豐台灣ESG
上櫃ETF,00888,永豐台灣ESG
ETF,00891,中信關鍵半導體
ETF,00892,富邦台灣半導體
ETF,00893,國泰智能電動車
ETF,00894,中信小資高價30
ETF,00895,富邦未來車
ETF,00896,中信綠能及電動車
ETF,00897,富邦基因免疫生技
ETF,00898,國泰基因免疫革命
ETF,00899,FT潔淨能源
ETF,00900,富邦特選高股息30
ETF,00901,永豐智能車供應鏈
ETF,00902,中信電池及儲能
ETF,00903,富邦元宇宙
ETF,00904,新光臺灣半導體30
ETF,00905,FT臺灣Smart
ETF,00906,大華元宇宙科技50
ETF,00907,永豐優息存股
ETF,00908,富邦入息REITs+
ETF,00909,國泰數位支付服務
ETF,00910,第一金太空衛星
ETF,00911,兆豐洲際半導體
ETF,00912,中信臺灣智慧50
ETF,00913,兆豐台灣晶圓製造
ETF,00915,凱基優選高股息30
ETF,00916,國泰全球品牌50
ETF,00917,中信特選金融
ETF,00918,大華優利高填息30
ETF,00919,群益台灣精選高息
ETF,00920,富邦ESG綠色電力
ETF,00921,兆豐龍頭等權重
ETF,00922,國泰台灣領袖50
ETF,00923,群益台ESG低碳50
ETF,00924,復華S&P500成長
ETF,00925,新光標普電動車
ETF,00926,凱基全球菁英55
ETF,00927,群益半導體收益
上櫃指數股票型基金(ETF),00928,中信上櫃ESG 30
上櫃ETF,00928,中信上櫃ESG 30
ETF,00929,復華台灣科技優息
ETF,00930,永豐ESG低碳高息
ETF,00932,兆豐永續高息等權
ETF,00934,中信成長高股息
ETF,00935,野村臺灣新科技50
ETF,00936,台新永續高息中小
ETF,00938,凱基優選30
ETF,00939,統一台灣高息動能
ETF,00940,元大台灣價值高息
ETF,00941,中信上游半導體
ETF,00943,兆豐電子高息等權
ETF,00944,野村趨勢動能高息
ETF,00946,群益科技高息成長
ETF,00947,台新臺灣IC設計
ETF,00949,復華日本龍頭
ETF,00951,台新日本半導體
ETF,00952,凱基台灣AI50
ETF,00954,中信日本半導體
上櫃指數股票型基金(ETF),00955,中信日本商社
上櫃ETF,00955,中信日本商社
ETF,00956,中信日經高股息
ETF,00960,野村全球航運龍頭
ETF,00961,FT臺灣永續高息
ETF,00962,台新AI優息動能
ETF,00963,中信全球高股息
ETF,00964,中信亞太高股息
ETF,00965,元大航太防衛科技
ETF,00971,野村美國研發龍頭
ETF,00972,野村日本動能高息
水泥工業,1101,台泥
水泥工業,1102,亞泥
水泥工業,1103,嘉泥
水泥工業,1104,環泥
其他,1107,建台
水泥工業,1108,幸福
水泥工業,1109,信大
水泥工業,1110,東泥
食品工業,1201,味全
食品工業,1203,味王
食品工業,1210,大成
食品工業,1213,大飲
食品工業,1215,卜蜂
食品工業,1216,統一
食品工業,1217,愛之味
食品工業,1218,泰山
食品工業,1219,福壽
食品工業,1220,台榮
食品工業,1225,福懋油
食品工業,1227,佳格
食品工業,1229,聯華
電器電纜,1230,聯成食
食品工業,1231,聯華食
食品工業,1232,大統益
食品工業,1233,天仁
食品工業,1234,黑松
食品工業,1235,興泰
食品工業,1236,宏亞
農業科技業,1240,茂生農經
食品工業,1256,鮮活果汁-KY
食品工業,1258,其祥-KY
觀光事業,1259,安心
觀光餐旅,1259,安心
食品工業,1260,富味鄉
其他,1262,綠悅-KY
食品工業,1264,德麥
觀光事業,1268,漢來美食
觀光餐旅,1268,漢來美食
觀光餐旅,1269,乾杯
生技醫療業,1271,晨暉生技
食品工業,1293,利統
食品工業,1294,漢田生技
食品工業,1295,生合
塑膠工業,1301,台塑
塑膠工業,1303,南亞
塑膠工業,1304,台聚
塑膠工業,1305,華夏
塑膠工業,1307,三芳
塑膠工業,1308,亞聚
塑膠工業,1309,台達化
塑膠工業,1310,台苯
塑膠工業,1311,福聚
塑膠工業,1312,國喬
塑膠工業,1313,聯成
塑膠工業,1314,中石化
塑膠工業,1315,達新
建材營造,1316,上曜
汽車工業,1319,東陽
塑膠工業,1321,大洋
塑膠工業,1323,永裕
塑膠工業,1324,地球
塑膠工業,1325,恆大
塑膠工業,1326,台化
電子零組件業,1336,台翰
塑膠工業,1337,再生-KY
汽車工業,1338,廣華-KY
汽車工業,1339,昭輝
塑膠工業,1340,勝悅-KY
塑膠工業,1341,富林-KY
其他,1342,八貫
綠能環保,1343,旭東環保
紡織纖維,1402,遠東新
紡織纖維,1409,新纖
紡織纖維,1410,南染
紡織纖維,1413,宏洲
紡織纖維,1414,東和
其他,1416,廣豐
紡織纖維,1417,嘉裕
紡織纖維,1418,東華
紡織纖維,1419,新紡
紡織纖維,1423,利華
貿易百貨,1432,大魯閣
運動休閒,1432,大魯閣
紡織纖維,1434,福懋
其他,1435,中福
建材營造,1436,華友聯
其他,1437,勤益控
建材營造,1438,三地開發
紡織纖維,1439,雋揚
建材營造,1439,雋揚
紡織纖維,1440,南紡
紡織纖維,1441,大東
建材營造,1442,名軒
紡織纖維,1443,立益
其他,1443,立益物流
紡織纖維,1444,力麗
紡織纖維,1445,大宇
紡織纖維,1446,宏和
紡織纖維,1447,力鵬
紡織纖維,1449,佳和
紡織纖維,1451,年興
紡織纖維,1452,宏益
紡織纖維,1453,大將
建材營造,1453,大將
紡織纖維,1454,台富
紡織纖維,1455,集盛
紡織纖維,1456,怡華
建材營造,1456,怡華
紡織纖維,1457,宜進
紡織纖維,1459,聯發
紡織纖維,1460,宏遠
紡織纖維,1463,強盛新
紡織纖維,1464,得力
紡織纖維,1465,偉全
紡織纖維,1466,聚隆
紡織纖維,1467,南緯
紡織纖維,1468,昶和
紡織纖維,1469,理隆
紡織纖維,1470,大統新創
電子零組件業,1471,首利
電子工業,1471,首利
紡織纖維,1472,三洋實業
建材營造,1472,三洋實業
紡織纖維,1473,台南
紡織纖維,1474,弘裕
紡織纖維,1475,業旺
紡織纖維,1476,儒鴻
紡織纖維,1477,聚陽
鋼鐵工業,1480,東盟開發
電機機械,1503,士電
電機機械,1504,東元
電機機械,1506,正道
電機機械,1507,永大
汽車工業,1512,瑞利
電機機械,1513,中興電
電機機械,1514,亞力
電機機械,1515,力山
其他,1516,川飛
電機機械,1517,利奇
電機機械,1519,華城
其他,1520,復盛
汽車工業,1521,大億
汽車工業,1522,堤維西
電機機械,1523,開億
汽車工業,1524,耿鼎
汽車工業,1525,江申
電機機械,1526,日馳
電機機械,1527,鑽全
電機機械,1528,恩德
電機機械,1529,樂事綠能
電機機械,1530,亞崴
電機機械,1531,高林股
電機機械,1532,勤美
汽車工業,1533,車王電
電機機械,1535,中宇
汽車工業,1536,和大
電機機械,1537,廣隆
電機機械,1538,正峰
電機機械,1539,巨庭
電機機械,1540,喬福
電機機械,1541,錩泰
電機機械,1558,伸興
電機機械,1560,中砂
電機機械,1563,巧新
汽車工業,1563,巧新
生技醫療業,1565,精華
汽車工業,1568,倉佑
電腦及週邊設備業,1569,濱川
電機機械,1570,力肯
電機機械,1580,新麥
電子工業,1582,信錦
電子零組件業,1582,信錦
電機機械,1583,程泰
其他,1584,精剛
電子零組件業,1585,鎧鉅
電機機械,1586,和勤
汽車工業,1587,吉茂
電機機械,1589,永冠-KY
電機機械,1590,亞德客-KY
電機機械,1591,駿吉-KY
汽車工業,1592,英瑞-KY
生技醫療業,1593,祺驊
運動休閒類,1593,祺驊
電機機械,1594,日高
電子零組件業,1595,川寶
電機機械,1597,直得
生技醫療業,1598,岱宇
化學生技醫療,1598,岱宇
運動休閒,1598,岱宇
電機機械,1599,宏佳騰
電器電纜,1601,台光
電器電纜,1603,華電
電器電纜,1604,聲寶
電器電纜,1605,華新
電器電纜,1606,歌林
電器電纜,1608,華榮
電器電纜,1609,大亞
電器電纜,1611,中電
電器電纜,1612,宏泰
電器電纜,1613,台一
電器電纜,1614,三洋電
電器電纜,1615,大山
電器電纜,1616,億泰
電器電纜,1617,榮星
電器電纜,1618,合機
電器電纜,1623,大東電
電器電纜,1626,艾美特-KY
化學生技醫療,1701,中化
生技醫療業,1701,中化
食品工業,1702,南僑
化學生技醫療,1704,榮化
化學工業,1704,榮化
化學生技醫療,1707,葡萄王
生技醫療業,1707,葡萄王
化學工業,1708,東鹼
化學生技醫療,1708,東鹼
化學工業,1709,和益
化學生技醫療,1709,和益
化學生技醫療,1710,東聯
化學工業,1710,東聯
化學工業,1711,永光
化學生技醫療,1711,永光
化學工業,1712,興農
化學生技醫療,1712,興農
化學工業,1713,國化
化學生技醫療,1713,國化
化學工業,1714,和桐
化學生技醫療,1714,和桐
塑膠工業,1715,萬洲
化學生技醫療,1716,永信
生技醫療業,1716,永信
化學工業,1717,長興
化學生技醫療,1717,長興
化學工業,1718,中纖
化學生技醫療,1718,中纖
生技醫療業,1720,生達
化學生技醫療,1720,生達
化學工業,1721,三晃
化學生技醫療,1721,三晃
化學工業,1722,台肥
化學生技醫療,1722,台肥
化學工業,1723,中碳
化學生技醫療,1723,中碳
化學生技醫療,1724,台硝
化學工業,1724,台硝
化學工業,1725,元禎
化學生技醫療,1725,元禎
化學工業,1726,永記
化學生技醫療,1726,永記
化學工業,1727,中華化
化學生技醫療,1727,中華化
化學生技醫療,1729,必翔
生技醫療業,1729,必翔
化學生技醫療,1730,花仙子
化學工業,1730,花仙子
化學生技醫療,1731,美吾華
生技醫療業,1731,美吾華
化學工業,1732,毛寶
化學生技醫療,1732,毛寶
化學生技醫療,1733,五鼎
生技醫療業,1733,五鼎
化學生技醫療,1734,杏輝
生技醫療業,1734,杏輝
化學工業,1735,日勝化
化學生技醫療,1735,日勝化
化學生技醫療,1736,喬山
生技醫療業,1736,喬山
運動休閒,1736,喬山
食品工業,1737,臺鹽
化學工業,1742,台蠟
化學生技醫療,1752,南光
生技醫療業,1752,南光
化學生技醫療,1760,寶齡富錦
生技醫療業,1760,寶齡富錦
化學生技醫療,1762,中化生
生技醫療業,1762,中化生
化學工業,1773,勝一
化學生技醫療,1773,勝一
化學工業,1776,展宇
化學生技醫療,1776,展宇
生技醫療業,1777,生泰
生技醫療業,1780,立弘
生技醫療業,1781,合世
生技醫療業,1783,和康生
化學生技醫療,1783,和康生
生技醫療業,1784,訊聯
其他電子類,1785,光洋科
化學生技醫療,1786,科妍
生技醫療業,1786,科妍
生技醫療業,1788,杏昌
化學生技醫療,1789,神隆
生技醫療業,1789,神隆
化學生技醫療,1795,美時
生技醫療業,1795,美時
食品工業,1796,金穎生技
生技醫療業,1799,易威
玻璃陶瓷,1802,台玻
建材營造,1805,寶徠
玻璃陶瓷,1806,冠軍
建材營造,1808,潤隆
玻璃陶瓷,1809,中釉
玻璃陶瓷,1810,和成
生技醫療業,1813,寶利徠
電子零組件業,1815,富喬
玻璃陶瓷,1817,凱撒衛
造紙工業,1902,台紙
造紙工業,1903,士紙
造紙工業,1904,正隆
造紙工業,1905,華紙
造紙工業,1906,寶隆
造紙工業,1907,永豐餘
造紙工業,1909,榮成
鋼鐵工業,2002,中鋼
鋼鐵工業,2006,東和鋼鐵
鋼鐵工業,2007,燁興
鋼鐵工業,2008,高興昌
鋼鐵工業,2009,第一銅
鋼鐵工業,2010,春源
鋼鐵工業,2012,春雨
鋼鐵工業,2013,中鋼構
鋼鐵工業,2014,中鴻
鋼鐵工業,2015,豐興
鋼鐵工業,2017,官田鋼
鋼鐵工業,2020,美亞
鋼鐵工業,2022,聚亨
鋼鐵工業,2023,燁輝
鋼鐵工業,2024,志聯
鋼鐵工業,2025,千興
鋼鐵工業,2027,大成鋼
鋼鐵工業,2028,威致
鋼鐵工業,2029,盛餘
鋼鐵工業,2030,彰源
鋼鐵工業,2031,新光鋼
鋼鐵工業,2032,新鋼
鋼鐵工業,2033,佳大
鋼鐵工業,2034,允強
鋼鐵工業,2035,唐榮
鋼鐵工業,2038,海光
電機機械,2049,上銀
電子零組件業,2059,川湖
電子工業,2059,川湖
電器電纜,2061,風青
其他,2062,橋椿
居家生活,2062,橋椿
鋼鐵工業,2063,世鎧
鋼鐵工業,2064,晉椿
鋼鐵工業,2065,世豐
電機機械,2066,世德
電機機械,2067,嘉鋼
鋼鐵工業,2069,運錩
電機機械,2070,精湛
鋼鐵工業,2071,震南鐵
鋼鐵工業,2072,世紀風電
鋼鐵工業,2073,雄順
橡膠工業,2101,南港
橡膠工業,2102,泰豐
橡膠工業,2103,台橡
橡膠工業,2104,國際中橡
橡膠工業,2105,正新
橡膠工業,2106,建大
橡膠工業,2107,厚生
橡膠工業,2108,南帝
橡膠工業,2109,華豐
橡膠工業,2114,鑫永銓
汽車工業,2115,六暉-KY
汽車工業,2201,裕隆
汽車工業,2204,中華
汽車工業,2206,三陽工業
汽車工業,2207,和泰車
航運業,2208,台船
鋼鐵工業,2211,長榮鋼
其他,2221,大甲
汽車工業,2227,裕日車
汽車工業,2228,劍麟
電機機械,2230,泰茂
汽車工業,2231,為升
汽車工業,2233,宇隆
電機機械,2235,謚源
汽車工業,2236,百達-KY
電機機械,2237,華德動能
汽車工業,2239,英利-KY
電機機械,2241,艾姆勒
汽車工業,2241,艾姆勒
汽車工業,2243,宏旭-KY
電機機械,2245,詠勝昌*
汽車工業,2247,汎德永業
電機機械,2248,華勝-KY
汽車工業,2248,華勝-KY
電機機械,2249,湧盛
汽車工業,2250,IKKA-KY
其他電子業,2252,為昇科
創新版股票,2254,巨鎧精密-創
創新板股票,2254,巨鎧精密-創
汽車工業,2254,巨鎧精密-創
其他電子業,2255,凱銳光電
其他電子業,2256,歐特明
創新版股票,2258,鴻華先進-創
汽車工業,2258,鴻華先進-創
創新板股票,2258,鴻華先進-創
電腦及週邊設備業,2301,光寶科
電子工業,2301,光寶科
電子工業,2302,麗正
半導體業,2302,麗正
半導體業,2303,聯電
電子工業,2303,聯電
電子工業,2305,全友
電腦及週邊設備業,2305,全友
電子工業,2308,台達電
電子零組件業,2308,台達電
電子工業,2311,日月光
半導體業,2311,日月光
其他電子業,2312,金寶
電子工業,2312,金寶
電子工業,2313,華通
電子零組件業,2313,華通
通信網路業,2314,台揚
電子工業,2314,台揚
電腦及週邊設備業,2315,神達
電子工業,2315,神達
電子工業,2316,楠梓電
電子零組件業,2316,楠梓電
其他電子業,2317,鴻海
電子工業,2317,鴻海
通信網路業,2321,東訊
電子工業,2321,東訊
光電業,2323,中環
電子工業,2323,中環
電子工業,2324,仁寶
電腦及週邊設備業,2324,仁寶
電子工業,2325,矽品
半導體業,2325,矽品
電子工業,2327,國巨*
電子零組件業,2327,國巨*
電子工業,2328,廣宇
電子零組件業,2328,廣宇
半導體業,2329,華泰
電子工業,2329,華泰
半導體業,2330,台積電
電子工業,2330,台積電
電子工業,2331,精英
電腦及週邊設備業,2331,精英
通信網路業,2332,友訊
電子工業,2332,友訊
電子工業,2336,致伸
電腦及週邊設備業,2336,致伸
半導體業,2337,旺宏
電子工業,2337,旺宏
半導體業,2338,光罩
電子工業,2338,光罩
光電業,2340,台亞
半導體業,2340,台亞
電子工業,2340,台亞
電子工業,2341,英群
電腦及週邊設備業,2341,英群
半導體業,2342,茂矽
電子工業,2342,茂矽
半導體業,2344,華邦電
電子工業,2344,華邦電
通信網路業,2345,智邦
電子工業,2345,智邦
電子工業,2347,聯強
電子通路業,2347,聯強
其他,2348,海悅
電子工業,2349,錸德
光電業,2349,錸德
電子工業,2350,環電
其他電子業,2350,環電
電子工業,2351,順德
半導體業,2351,順德
電腦及週邊設備業,2352,佳世達
電子工業,2352,佳世達
電子工業,2353,宏碁
電腦及週邊設備業,2353,宏碁
其他電子業,2354,鴻準
電子工業,2354,鴻準
電子工業,2355,敬鵬
電子零組件業,2355,敬鵬
電子工業,2356,英業達
電腦及週邊設備業,2356,英業達
電子工業,2357,華碩
電腦及週邊設備業,2357,華碩
其他,2358,廷鑫
其他電子業,2359,所羅門
電子工業,2359,所羅門
其他電子業,2360,致茂
電子工業,2360,致茂
電子工業,2361,鴻友
電腦及週邊設備業,2361,鴻友
電子工業,2362,藍天
電腦及週邊設備業,2362,藍天
半導體業,2363,矽統
電子工業,2363,矽統
電子工業,2364,倫飛
電腦及週邊設備業,2364,倫飛
電子工業,2365,昆盈
電腦及週邊設備業,2365,昆盈
電子零組件業,2367,燿華
電子工業,2367,燿華
電子零組件業,2368,金像電
電子工業,2368,金像電
電子工業,2369,菱生
半導體業,2369,菱生
電機機械,2371,大同
其他電子業,2373,震旦行
電子工業,2373,震旦行
光電業,2374,佳能
電子工業,2374,佳能
電子工業,2375,凱美
電子零組件業,2375,凱美
電子工業,2376,技嘉
電腦及週邊設備業,2376,技嘉
電子工業,2377,微星
電腦及週邊設備業,2377,微星
電子工業,2379,瑞昱
半導體業,2379,瑞昱
電子工業,2380,虹光
電腦及週邊設備業,2380,虹光
電腦及週邊設備業,2381,華宇
電子工業,2381,華宇
電子工業,2382,廣達
電腦及週邊設備業,2382,廣達
電子工業,2383,台光電
電子零組件業,2383,台光電
電子工業,2384,勝華
光電業,2384,勝華
電子工業,2385,群光
電子零組件業,2385,群光
電子工業,2387,精元
電腦及週邊設備業,2387,精元
電子工業,2388,威盛
半導體業,2388,威盛
電子工業,2390,云辰
其他電子業,2390,云辰
電子工業,2391,合勤
通信網路業,2391,合勤
電子工業,2392,正崴
電子零組件業,2392,正崴
光電業,2393,億光
電子工業,2393,億光
電子工業,2395,研華
電腦及週邊設備業,2395,研華
光電業,2396,精碟
電子工業,2396,精碟
電子工業,2397,友通
電腦及週邊設備業,2397,友通
電子工業,2399,映泰
電腦及週邊設備業,2399,映泰
半導體業,2401,凌陽
電子工業,2401,凌陽
電子工業,2402,毅嘉
電子零組件業,2402,毅嘉
電子通路業,2403,友尚
電子工業,2403,友尚
其他電子業,2404,漢唐
電子工業,2404,漢唐
電子工業,2405,輔信
電腦及週邊設備業,2405,輔信
光電業,2406,國碩
電子工業,2406,國碩
半導體業,2408,南亞科
電子工業,2408,南亞科
光電業,2409,友達
電子工業,2409,友達
其他電子業,2411,飛瑞
電子工業,2411,飛瑞
通信網路業,2412,中華電
電子工業,2412,中華電
電子工業,2413,環科
電子零組件業,2413,環科
電子工業,2414,精技
電子通路業,2414,精技
電子工業,2415,錩新
電子零組件業,2415,錩新
電子工業,2417,圓剛
電腦及週邊設備業,2417,圓剛
電子工業,2418,雅新
通信網路業,2419,仲琦
電子工業,2419,仲琦
電子工業,2420,新巨
電子零組件業,2420,新巨
電子工業,2421,建準
電子零組件業,2421,建準
其他電子業,2423,固緯
電子工業,2423,固緯
電腦及週邊設備業,2424,隴華
通信網路業,2424,隴華
電子工業,2424,隴華
電子工業,2425,承啟
電腦及週邊設備業,2425,承啟
光電業,2426,鼎元
電子工業,2426,鼎元
資訊服務業,2427,三商電
電子工業,2427,三商電
電子零組件業,2428,興勤
電子工業,2428,興勤
電子零組件業,2429,銘旺科
電子工業,2429,銘旺科
光電業,2429,銘旺科
電子通路業,2430,燦坤
電子工業,2430,燦坤
電子工業,2431,聯昌
電子零組件業,2431,聯昌
通信網路業,2432,倚天
創新版股票,2432,倚天酷碁-創
創新板股票,2432,倚天酷碁-創
電子工業,2432,倚天酷碁-創
電腦及週邊設備業,2432,倚天酷碁-創
其他電子業,2433,互盛電
電子工業,2433,互盛電
半導體業,2434,統懋
電子工業,2434,統懋
電子工業,2436,偉詮電
半導體業,2436,偉詮電
電子零組件業,2437,旺詮
電子工業,2437,旺詮
電子工業,2438,翔耀
光電業,2438,翔耀
通信網路業,2439,美律
電子工業,2439,美律
電子工業,2440,太空梭
電子零組件業,2440,太空梭
半導體業,2441,超豐
電子工業,2441,超豐
電腦及週邊設備業,2442,新美齊
電子工業,2442,新美齊
建材營造,2442,新美齊
其他,2443,昶虹
通信網路業,2444,兆勁
電子工業,2444,兆勁
電子工業,2446,全懋
半導體業,2446,全懋
資訊服務業,2447,鼎新
電子工業,2447,鼎新
光電業,2448,晶電
電子工業,2448,晶電
半導體業,2449,京元電子
電子工業,2449,京元電子
通信網路業,2450,神腦
電子工業,2450,神腦
半導體業,2451,創見
電子工業,2451,創見
電子工業,2452,乾坤
電子零組件業,2452,乾坤
資訊服務業,2453,凌群
電子工業,2453,凌群
半導體業,2454,聯發科
電子工業,2454,聯發科
通信網路業,2455,全新
電子工業,2455,全新
電子工業,2456,奇力新
電子零組件業,2456,奇力新
電子工業,2457,飛宏
電子零組件業,2457,飛宏
半導體業,2458,義隆
電子工業,2458,義隆
電子通路業,2459,敦吉
其他電子業,2459,敦吉
電子工業,2459,敦吉
電子工業,2460,建通
電子零組件業,2460,建通
其他電子業,2461,光群雷
電子工業,2461,光群雷
電子工業,2462,良得電
電子零組件業,2462,良得電
電子工業,2463,研揚
電腦及週邊設備業,2463,研揚
其他電子業,2464,盟立
電子工業,2464,盟立
電子工業,2465,麗臺
電腦及週邊設備業,2465,麗臺
電子工業,2466,冠西電
光電業,2466,冠西電
電子零組件業,2467,志聖
電子工業,2467,志聖
電子工業,2468,華經
資訊服務業,2468,華經
電子工業,2469,力信
電子零組件業,2469,力信
資訊服務業,2471,資通
電子工業,2471,資通
電子工業,2472,立隆電
電子零組件業,2472,立隆電
半導體業,2473,思源
電子工業,2473,思源
其他電子業,2474,可成
電子工業,2474,可成
光電業,2475,華映
電子工業,2475,華映
電子工業,2476,鉅祥
電子零組件業,2476,鉅祥
其他電子業,2477,美隆電
電子工業,2477,美隆電
電子工業,2478,大毅
電子零組件業,2478,大毅
電子工業,2479,和立
資訊服務業,2480,敦陽科
電子工業,2480,敦陽科
半導體業,2481,強茂
電子工業,2481,強茂
其他電子業,2482,連宇
電子工業,2482,連宇
電子工業,2483,百容
電子零組件業,2483,百容
電子工業,2484,希華
電子零組件業,2484,希華
通信網路業,2485,兆赫
電子工業,2485,兆赫
光電業,2486,一詮
電子工業,2486,一詮
其他電子業,2488,漢平
電子工業,2488,漢平
光電業,2489,瑞軒
電子工業,2489,瑞軒
光電業,2491,吉祥全
電子工業,2491,吉祥全
電子工業,2492,華新科
電子零組件業,2492,華新科
電子工業,2493,揚博
電子零組件業,2493,揚博
電子工業,2494,廣業科
通信網路業,2494,廣業科
其他電子業,2495,普安
電子工業,2495,普安
電腦及週邊設備業,2495,普安
其他,2496,卓越
汽車工業,2497,怡利電
通信網路業,2498,宏達電
電子工業,2498,宏達電
光電業,2499,東貝
電子工業,2499,東貝
建材營造,2501,國建
建材營造,2504,國產
建材營造,2505,國揚
建材營造,2506,太設
建材營造,2509,全坤建
建材營造,2511,太子
其他,2514,龍邦
建材營造,2515,中工
建材營造,2516,新建
建材營造,2520,冠德
建材營造,2524,京城
建材營造,2526,大陸
建材營造,2527,宏璟
建材營造,2528,皇普
建材營造,2530,華建
建材營造,2534,宏盛
建材營造,2535,達欣工
建材營造,2536,宏普
建材營造,2537,聯上發
建材營造,2538,基泰
建材營造,2539,櫻花建
建材營造,2540,愛山林
建材營造,2542,興富發
建材營造,2543,皇昌
建材營造,2545,皇翔
建材營造,2546,根基
建材營造,2547,日勝生
建材營造,2548,華固
建材營造,2596,綠意
建材營造,2597,潤弘
貿易百貨,2601,益航
航運業,2603,長榮
航運業,2605,新興
航運業,2606,裕民
航運業,2607,榮運
航運業,2608,嘉里大榮
航運業,2609,陽明
航運業,2610,華航
航運業,2611,志信
航運業,2612,中航
航運業,2613,中櫃
貿易百貨,2614,東森
其他,2614,東森
航運業,2615,萬海
油電燃氣業,2616,山隆
航運業,2617,台航
航運業,2618,長榮航
航運業,2630,亞航
航運業,2633,台灣高鐵
航運業,2634,漢翔
航運業,2636,台驊控股
航運業,2637,慧洋-KY
其他,2640,大車隊
數位雲端類,2640,大車隊
航運業,2641,正德
航運業,2642,宅配通
航運業,2643,捷迅
航運業,2644,中信造船
航運業,2645,長榮航太
航運業,2646,星宇航空
觀光事業,2701,萬企
觀光餐旅,2701,萬企
觀光事業,2702,華園
觀光餐旅,2702,華園
觀光事業,2704,國賓
觀光餐旅,2704,國賓
觀光事業,2705,六福
觀光餐旅,2705,六福
觀光事業,2706,第一店
觀光餐旅,2706,第一店
觀光事業,2707,晶華
觀光餐旅,2707,晶華
觀光事業,2712,遠雄來
觀光餐旅,2712,遠雄來
觀光事業,2718,晶悅
觀光餐旅,2718,晶悅
建材營造,2718,全心投控
觀光事業,2719,燦星旅
觀光餐旅,2719,燦星旅
觀光事業,2722,夏都
觀光餐旅,2722,夏都
觀光事業,2723,美食-KY
觀光餐旅,2723,美食-KY
觀光事業,2724,富驛-KY
觀光餐旅,2724,藝舍-KY
其他,2724,藝舍-KY
觀光事業,2726,雅茗-KY
觀光餐旅,2726,雅茗-KY
觀光事業,2727,王品
觀光餐旅,2727,王品
觀光事業,2729,瓦城
觀光餐旅,2729,瓦城
觀光事業,2731,雄獅
觀光餐旅,2731,雄獅
觀光事業,2732,六角
觀光餐旅,2732,六角
觀光餐旅,2733,維格餅家
觀光事業,2734,易飛網
觀光餐旅,2734,易飛網
觀光事業,2736,富野
觀光餐旅,2736,富野
觀光事業,2739,寒舍
觀光餐旅,2739,寒舍
觀光事業,2740,天蔥
觀光餐旅,2740,天蔥
觀光餐旅,2741,老四川
觀光事業,2743,山富
觀光餐旅,2743,山富
觀光事業,2745,五福
觀光餐旅,2745,五福
觀光事業,2748,雲品
觀光餐旅,2748,雲品
觀光餐旅,2750,桃禧
觀光餐旅,2751,王座
觀光事業,2752,豆府
觀光餐旅,2752,豆府
觀光事業,2753,八方雲集
觀光餐旅,2753,八方雲集
觀光事業,2754,亞洲藏壽司
觀光餐旅,2754,亞洲藏壽司
觀光事業,2755,揚秦
觀光餐旅,2755,揚秦
觀光事業,2756,聯發國際
觀光餐旅,2756,聯發國際
觀光餐旅,2758,路易莎咖啡
觀光餐旅,2760,巨宇翔
觀光餐旅,2761,橘焱胡同
運動休閒,2762,世界健身-KY
金融保險,2801,彰銀
金融保險,2807,竹商銀
金融保險,2809,京城銀
金融保險,2812,台中銀
金融保險,2816,旺旺保
金融保險,2820,華票
金融保險,2823,中壽
金融保險,2827,中聯
金融保險,2831,中華銀
金融保險,2832,台產
金融保險,2833,台壽保
金融保險,2834,臺企銀
金融保險,2836,高雄銀
金融保險,2837,萬泰銀
金融保險,2838,聯邦銀
建材營造,2841,台開
金融保險,2845,遠東銀
金融保險,2847,大眾銀
金融保險,2849,安泰銀
金融保險,2850,新產
金融保險,2851,中再保
金融保險,2852,第一保
金融保險,2854,寶來證
金融保險,2855,統一證
金融保險,2856,元富證
金融保險,2867,三商壽
金融保險,2880,華南金
金融保險,2881,富邦金
金融保險,2882,國泰金
金融保險,2883,凱基金
金融保險,2884,玉山金
金融保險,2885,元大金
金融保險,2886,兆豐金
金融保險,2887,台新新光金
金融保險,2888,新光金
金融保險,2889,國票金
金融保險,2890,永豐金
金融保險,2891,中信金
金融保險,2892,第一金
金融保險,2897,王道銀行
貿易百貨,2901,欣欣
貿易百貨,2903,遠百
其他,2904,匯僑
貿易百貨,2905,三商
貿易百貨,2906,高林
貿易百貨,2908,特力
貿易百貨,2910,統領
貿易百貨,2911,麗嬰房
貿易百貨,2912,統一超
貿易百貨,2913,農林
貿易百貨,2915,潤泰全
貿易百貨,2916,滿心
居家生活類,2916,滿心
建材營造,2923,鼎固-KY
貿易百貨,2924,宏太-KY
居家生活類,2924,宏太-KY
文化創意業,2926,誠品生活
觀光事業,2928,紅馬-KY
貿易百貨,2929,淘帝-KY
貿易百貨,2936,客思達-KY
貿易百貨,2937,集雅社
居家生活類,2937,集雅社
居家生活,2938,床的世界
貿易百貨,2939,永邑-KY
運動休閒,2940,歐都納
居家生活類,2941,米斯特
居家生活,2942,京站
貿易百貨,2945,三商家購
貿易百貨,2947,振宇五金
居家生活類,2947,振宇五金
居家生活類,2948,寶陞
數位雲端類,2949,欣新網
電子工業,3002,歐格
電腦及週邊設備業,3002,歐格
電子工業,3003,健和興
電子零組件業,3003,健和興
鋼鐵工業,3004,豐達科
電子工業,3005,神基
電腦及週邊設備業,3005,神基
半導體業,3006,晶豪科
電子工業,3006,晶豪科
電子工業,3007,綠點
光電業,3008,大立光
電子工業,3008,大立光
光電業,3009,奇美電
電子工業,3009,奇美電
電子通路業,3010,華立
電子工業,3010,華立
電子零組件業,3011,今皓
電子工業,3011,今皓
電子工業,3013,晟銘電
電腦及週邊設備業,3013,晟銘電
半導體業,3014,聯陽
電子工業,3014,聯陽
電子工業,3015,全漢
電子零組件業,3015,全漢
半導體業,3016,嘉晶
電子工業,3016,嘉晶
電子工業,3017,奇鋐
電腦及週邊設備業,3017,奇鋐
其他電子業,3018,隆銘綠能
電子工業,3018,隆銘綠能
光電業,3019,亞光
電子工業,3019,亞光
電子工業,3020,奇普仕
電子通路業,3020,奇普仕
電子工業,3021,鴻名
電子零組件業,3021,鴻名
電子工業,3022,威強電
電腦及週邊設備業,3022,威強電
電子工業,3023,信邦
電子零組件業,3023,信邦
光電業,3024,憶聲
電子工業,3024,憶聲
通信網路業,3025,星通
電子工業,3025,星通
電子工業,3026,禾伸堂
電子零組件業,3026,禾伸堂
通信網路業,3027,盛達
電子工業,3027,盛達
電子工業,3028,增你強
電子通路業,3028,增你強
資訊服務業,3029,零壹
電子工業,3029,零壹
電子工業,3030,德律
其他電子業,3030,德律
光電業,3031,佰鴻
電子工業,3031,佰鴻
電子工業,3032,偉訓
電子零組件業,3032,偉訓
電子工業,3033,威健
電子通路業,3033,威健
半導體業,3034,聯詠
電子工業,3034,聯詠
電子工業,3035,智原
半導體業,3035,智原
電子通路業,3036,文曄
電子工業,3036,文曄
電子零組件業,3037,欣興
電子工業,3037,欣興
電子工業,3038,全台
光電業,3038,全台
其他,3040,遠見
電子工業,3041,揚智
半導體業,3041,揚智
電子工業,3042,晶技
電子零組件業,3042,晶技
其他電子業,3043,科風
電子工業,3043,科風
電子工業,3044,健鼎
電子零組件業,3044,健鼎
通信網路業,3045,台灣大
電子工業,3045,台灣大
電子工業,3046,建碁
電腦及週邊設備業,3046,建碁
通信網路業,3047,訊舟
電子工業,3047,訊舟
電子通路業,3048,益登
電子工業,3048,益登
光電業,3049,精金
電子工業,3049,精金
光電業,3050,鈺德
電子工業,3050,鈺德
光電業,3051,力特
電子工業,3051,力特
建材營造,3052,夆典
電子工業,3053,鼎營
其他電子業,3053,鼎營
半導體業,3054,立萬利
電子工業,3054,立萬利
食品工業,3054,立萬利
電子工業,3055,蔚華科
電子通路業,3055,蔚華科
建材營造,3056,富華新
電腦及週邊設備業,3057,喬鼎
電子工業,3057,喬鼎
電子零組件業,3058,立德
電子工業,3058,立德
光電業,3059,華晶科
電子工業,3059,華晶科
電子工業,3060,銘異
電腦及週邊設備業,3060,銘異
光電業,3061,璨圓
電子工業,3061,璨圓
通信網路業,3062,建漢
電子工業,3062,建漢
電子工業,3063,飛信
半導體業,3063,飛信
文化創意業,3064,泰偉
光電業,3066,李洲
其他電子類,3067,全域
電腦及週邊設備業,3071,協禧
半導體業,3073,天方能源
綠能環保類,3073,天方能源
電子零組件業,3078,僑威
電子工業,3080,威力盟
光電業,3080,威力盟
通信網路業,3081,聯亞
文化創意業,3083,網龍
電子商務業,3085,新零售
數位雲端類,3085,新零售
文化創意業,3086,華義
電腦及週邊設備業,3088,艾訊
電子零組件業,3089,億杰
電子工業,3090,日電貿
電子零組件業,3090,日電貿
電子工業,3092,鴻碩
電子零組件業,3092,鴻碩
其他電子類,3093,港建*
電子工業,3094,聯傑
半導體業,3094,聯傑
通信網路業,3095,及成
電腦及週邊設備業,3097,拍檔
半導體業,3105,穩懋
電子零組件業,3114,好德
電子零組件業,3115,富榮綱
電子零組件業,3117,年程
生技醫療業,3118,進階
半導體業,3122,笙泉
光電業,3128,昇銳
資訊服務業,3130,一零四
電子工業,3130,一零四
數位雲端,3130,一零四
其他電子類,3131,弘塑
半導體業,3135,凌航
電子工業,3135,凌航
通信網路業,3138,耀登
電子工業,3138,耀登
半導體業,3141,晶宏
電子工業,3142,遠茂
電子零組件業,3144,新揚科
資訊服務業,3147,大綜
光電業,3149,正達
電子工業,3149,正達
創新版股票,3150,鈺寶-創
創新板股票,3150,鈺寶-創
半導體業,3150,鈺寶-創
電子工業,3150,鈺寶-創
通信網路業,3152,璟德
資訊服務業,3158,嘉實
電機機械,3162,精確
通信網路業,3163,波若威
化學生技醫療,3164,景岳
生技醫療業,3164,景岳
電機機械,3167,大量
光電業,3168,眾福科
電子工業,3168,眾福科
半導體業,3169,亞信
貿易百貨,3171,新洲
居家生活類,3171,炎洲流通
生技醫療業,3176,基亞
電機機械,3178,公準
半導體業,3178,公準
生技醫療業,3184,微邦
建材營造,3188,鑫龍騰
半導體業,3189,景碩
電子工業,3189,景碩
電子零組件業,3191,雲嘉南
電子零組件業,3202,樺晟
生技醫療業,3205,佰研
電子零組件業,3206,志豐
電子零組件業,3207,耀勝
電子工業,3209,全科
電子通路業,3209,全科
電腦及週邊設備業,3211,順達
電腦及週邊設備業,3213,茂訊
電子工業,3214,元砷
電子零組件業,3217,優群
生技醫療業,3218,大學光
半導體業,3219,倚強股份
其他電子類,3219,倚強科
通信網路業,3221,台嘉碩
電子通路業,3224,三顧
電機機械,3226,龍鋒
半導體業,3227,原相
半導體業,3228,金麗科
電子零組件業,3229,晟鈦
電子工業,3229,晟鈦
光電業,3230,錦明
電腦及週邊設備業,3231,緯創
電子工業,3231,緯創
電子通路業,3232,昱捷
通信網路業,3234,光環
電子零組件業,3236,千如
觀光事業,3252,海灣
觀光餐旅,3252,海灣
半導體業,3257,虹冠電
電子工業,3257,虹冠電
半導體業,3259,鑫創
半導體業,3260,威剛
半導體業,3264,欣銓
半導體業,3265,台星科
建材營造,3266,昇陽
半導體業,3268,海德威
半導體業,3271,其樂達
電子工業,3271,其樂達
電腦及週邊設備業,3272,東碩
電子零組件業,3276,宇環
其他,3284,太普高
其他電子類,3285,微端
電腦及週邊設備業,3287,廣寰科
電子零組件業,3288,點晶
其他電子類,3289,宜特
電子零組件業,3290,東浦
文化創意業,3293,鈊象
電子零組件業,3294,英濟
電子工業,3296,勝德
電子零組件業,3296,勝德
光電業,3297,杭特
其他電子類,3303,岱稜
電子工業,3305,昇貿
其他電子業,3305,昇貿
通信網路業,3306,鼎天
電子工業,3308,聯德
電子零組件業,3308,聯德
電子零組件業,3310,佳穎
通信網路業,3311,閎暉
電子工業,3311,閎暉
電子工業,3312,弘憶股
電子通路業,3312,弘憶股
電子零組件業,3313,斐成
其他,3313,斐成
電子工業,3315,宣昶
電子通路業,3315,宣昶
半導體業,3317,尼克森
電子工業,3321,同泰
電子零組件業,3321,同泰
電子零組件業,3322,建舜電
電腦及週邊設備業,3323,加百裕
其他電子類,3324,雙鴻
電腦及週邊設備業,3325,旭品
電子零組件業,3332,幸康
電子工業,3338,泰碩
電子零組件業,3338,泰碩
光電業,3339,泰谷
汽車工業,3346,麗清
電腦及週邊設備業,3349,寶德
電子零組件業,3354,律勝
電子工業,3356,奇偶
光電業,3356,奇偶
電子零組件業,3357,臺慶科
電子通路業,3360,尚立
光電業,3362,先進光
通信網路業,3363,上詮
其他電子業,3367,英華達
電子工業,3367,英華達
半導體業,3372,典範
其他電子類,3373,熱映
半導體業,3374,精材
電子工業,3376,新日興
電子零組件業,3376,新日興
電機機械,3379,彬台
通信網路業,3380,明泰
電子工業,3380,明泰
光電業,3383,新世紀
電子工業,3383,新世紀
電子零組件業,3388,崇越電
電子零組件業,3390,旭軟
其他電子類,3402,漢科
光電業,3406,玉晶光
電子工業,3406,玉晶光
半導體業,3413,京鼎
電子工業,3413,京鼎
電子工業,3416,融程電
電腦及週邊設備業,3416,融程電
通信網路業,3419,譁裕
電子工業,3419,譁裕
電機機械,3426,台興
化學工業,3430,奇鈦科
電子工業,3432,台端
電子零組件業,3432,台端
光電業,3434,哲固
光電業,3437,榮創
電子工業,3437,榮創
半導體業,3438,類比科
光電業,3441,聯一光
半導體業,3443,創意
電子工業,3443,創意
電子通路業,3444,利機
通信網路業,3447,展達
電子工業,3447,展達
其他電子業,3450,聯鈞
半導體業,3450,聯鈞
電子工業,3450,聯鈞
光電業,3454,晶睿
電子工業,3454,晶睿
光電業,3455,由田
電子零組件業,3465,進泰電子
其他電子類,3465,進泰電子
通信網路業,3466,德晉
半導體業,3467,台灣精材
通信網路業,3473,智通聯網
電子工業,3474,華亞科
半導體業,3474,華亞科
電腦及週邊設備業,3479,安勤
光電業,3481,群創
電子工業,3481,群創
電腦及週邊設備業,3483,力致
電子零組件業,3484,崧騰
光電業,3485,敘豐
建材營造,3489,森寶
光電業,3490,單井
通信網路業,3491,昇達科
電子零組件業,3492,長盛
電腦及週邊設備業,3494,誠研
電子工業,3494,誠研
其他電子類,3498,陽程
通信網路業,3499,環天科
電子工業,3501,維熹
電子零組件業,3501,維熹
光電業,3504,揚明光
電子工業,3504,揚明光
其他電子類,3508,位速
電子零組件業,3511,矽瑪
電子零組件業,3512,皇龍
建材營造,3512,皇龍
光電業,3514,昱晶
電子工業,3514,昱晶
電子工業,3515,華擎
電腦及週邊設備業,3515,華擎
光電業,3516,亞帝歐
電子工業,3518,柏騰
其他電子業,3518,柏騰
電子工業,3519,綠能
半導體業,3519,綠能
電子零組件業,3520,華盈
電腦及週邊設備業,3521,鴻翊
建材營造,3521,鴻翊
觀光事業,3522,御頂
觀光餐旅,3522,御嵿
光電業,3523,迎輝
電子零組件業,3526,凡甲
半導體業,3527,聚積
電子工業,3528,安馳
電子通路業,3528,安馳
半導體業,3529,力旺
電子工業,3530,晶相光
半導體業,3530,晶相光
光電業,3531,先益
電子工業,3532,台勝科
半導體業,3532,台勝科
電子工業,3533,嘉澤
電子零組件業,3533,嘉澤
半導體業,3534,雷凌
電子工業,3534,雷凌
光電業,3535,晶彩科
電子工業,3535,晶彩科
電子工業,3536,誠創
半導體業,3536,誠創
電子零組件業,3537,堡達
電腦及週邊設備業,3540,曜越
其他電子類,3541,西柏
光電業,3543,州巧
電子工業,3543,州巧
半導體業,3545,敦泰
電子工業,3545,敦泰
文化創意業,3546,宇峻
電子零組件業,3548,兆利
電子工業,3550,聯穎
電子零組件業,3550,聯穎
其他電子類,3551,世禾
綠能環保類,3551,世禾
其他電子類,3552,同致
半導體業,3555,博士旺
半導體業,3556,禾瑞亞
其他,3557,嘉威
居家生活,3557,嘉威
通信網路業,3558,神準
半導體業,3559,全智科
電子工業,3559,全智科
光電業,3561,昇陽光電
電子工業,3561,昇陽光電
光電業,3563,牧德
電子工業,3563,牧德
通信網路業,3564,其陽
半導體業,3567,逸昌
資訊服務業,3570,大塚
光電業,3573,穎台
電子工業,3573,穎台
電子工業,3576,聯合再生
光電業,3576,聯合再生
電腦及週邊設備業,3577,泓格
電子工業,3579,尚志
半導體業,3579,尚志
其他電子類,3580,友威科
半導體業,3581,博磊
半導體業,3583,辛耘
電子工業,3583,辛耘
光電業,3584,介面
電子工業,3584,介面
電子零組件業,3585,聯致
其他電子類,3587,閎康
半導體業,3588,通嘉
電子工業,3588,通嘉
光電業,3591,艾笛森
電子工業,3591,艾笛森
半導體業,3592,瑞鼎
電子工業,3592,瑞鼎
電子工業,3593,力銘
電子零組件業,3593,力銘
電腦及週邊設備業,3594,磐儀
光電業,3595,山太士
通信網路業,3596,智易
電子工業,3596,智易
電子零組件業,3597,映興
電子工業,3598,奕力
半導體業,3598,奕力
光電業,3599,旺能
電子工業,3599,旺能
電子通路業,3603,建祥國際
電子工業,3605,宏致
電子零組件業,3605,宏致
電子工業,3607,谷崧
電子零組件業,3607,谷崧
電子零組件業,3609,三一東林
電腦及週邊設備業,3611,鼎翰
電子工業,3614,誠致
半導體業,3614,誠致
光電業,3615,安可
電機機械,3616,泓辰
其他電子業,3617,碩天
電子工業,3617,碩天
光電業,3622,洋華
電子工業,3622,洋華
光電業,3623,富晶通
電子零組件業,3624,光頡
電腦及週邊設備業,3625,西勝
光電業,3627,華信科
其他電子類,3628,盈正
光電業,3629,地心引力
文化創意業,3629,地心引力
光電業,3630,新鉅科
電子零組件業,3631,晟楠
通信網路業,3632,研勤
光電業,3633,云光
半導體業,3638,F-IML
電子工業,3638,F-IML
其他電子類,3642,駿熠電
電子工業,3645,達邁
電子零組件業,3645,達邁
電子零組件業,3646,艾恩特
電子工業,3652,精聯
電腦及週邊設備業,3652,精聯
電子工業,3653,健策
電子零組件業,3653,健策
光電業,3659,百辰
電子工業,3661,世芯-KY
半導體業,3661,世芯-KY
其他電子類,3663,鑫科
通信網路業,3664,安瑞-KY
電子工業,3665,貿聯-KY
其他電子業,3665,貿聯-KY
光電業,3666,光耀
光電業,3669,圓展
通信網路業,3669,圓展
電子工業,3669,圓展
通信網路業,3672,康聯訊
光電業,3673,TPK-KY
電子工業,3673,TPK-KY
半導體業,3675,德微
光電業,3678,聯享
電子工業,3679,新至陞
電子零組件業,3679,新至陞
半導體業,3680,家登
電子工業,3682,亞太電
通信網路業,3682,亞太電
通信網路業,3684,榮昌
光電業,3685,元創精密
電機機械,3685,元創精密
半導體業,3686,達能
電子工業,3686,達能
文化創意業,3687,歐買尬
電子商務業,3687,歐買尬
數位雲端類,3687,歐買尬
電子零組件業,3689,湧德
光電業,3691,碩禾
電腦及週邊設備業,3693,營邦
通信網路業,3694,海華
電子工業,3694,海華
半導體業,3697,F-晨星
電子工業,3697,F-晨星
光電業,3698,隆達
電子工業,3698,隆達
電子工業,3701,大眾控
電腦及週邊設備業,3701,大眾控
電子工業,3702,大聯大
電子通路業,3702,大聯大
建材營造,3703,欣陸
通信網路業,3704,合勤控
電子工業,3704,合勤控
化學生技醫療,3705,永信
生技醫療業,3705,永信
電子工業,3706,神達
電腦及週邊設備業,3706,神達
半導體業,3707,漢磊
化學工業,3708,上緯投控
化學生技醫療,3708,上緯投控
綠能環保,3708,上緯投控
電腦及週邊設備業,3709,鑫聯大投控
電子零組件業,3710,連展投控
半導體業,3711,日月光投控
電子工業,3711,日月光投控
電子工業,3712,永崴投控
電腦及週邊設備業,3712,永崴投控
光電業,3713,新晶投控
綠能環保類,3713,新晶投控
光電業,3714,富采
電子工業,3714,富采
電子工業,3715,定穎投控
電子零組件業,3715,定穎投控
生技醫療業,3716,中化控股
化學生技醫療,3716,中化控股
汽車工業,3717,聯嘉投控
生技醫療業,4102,永日
化學生技醫療,4104,佳醫
生技醫療業,4104,佳醫
生技醫療業,4105,東洋
化學生技醫療,4106,雃博
生技醫療業,4106,雃博
生技醫療業,4107,邦特
生技醫療業,4108,懷特
化學生技醫療,4108,懷特
生技醫療業,4109,加捷生醫
生技醫療業,4111,濟生
建材營造,4113,聯上
生技醫療業,4114,健喬
生技醫療業,4115,善德生技
生技醫療業,4116,明基醫
生技醫療業,4117,普生
化學生技醫療,4119,旭富
生技醫療業,4119,旭富
生技醫療業,4120,友華
生技醫療業,4121,優盛
生技醫療業,4123,晟德
生技醫療業,4126,太醫
生技醫療業,4127,天良
生技醫療業,4128,中天
生技醫療業,4129,聯合
生技醫療業,4130,健亞
生技醫療業,4131,浩泰
生技醫療業,4132,國鼎
化學生技醫療,4133,亞諾法
生技醫療業,4133,亞諾法
化學生技醫療,4137,麗豐-KY
生技醫療業,4137,麗豐-KY
生技醫療業,4138,曜亞
生技醫療業,4139,馬光-KY
化學生技醫療,4141,龍燈-KY
生技醫療業,4141,龍燈-KY
生技醫療業,4142,國光生
化學生技醫療,4142,國光生
化學生技醫療,4144,康聯-KY
生技醫療業,4144,康聯-KY
生技醫療業,4147,中裕
化學生技醫療,4148,全宇生技-KY
生技醫療業,4148,全宇生技-KY
生技醫療業,4150,優你康
生技醫療業,4152,台微體
生技醫療業,4153,鈺緯
生技醫療業,4154,樂威科-KY
其他,4154,樂威科-KY
化學生技醫療,4155,訊映
生技醫療業,4155,訊映
生技醫療業,4157,太景*-KY
生技醫療業,4160,訊聯基因
生技醫療業,4161,聿新科
生技醫療業,4162,智擎
生技醫療業,4163,鐿鈦
化學生技醫療,4164,承業醫
生技醫療業,4164,承業醫
生技醫療業,4166,友霖
生技醫療業,4167,松瑞藥
生技醫療業,4168,醣聯
生技醫療業,4169,泰宗
生技醫療業,4170,鑫品生醫
農業科技業,4171,瑞基
生技醫療業,4172,因華
生技醫療業,4173,久裕
生技醫療業,4174,浩鼎
生技醫療業,4175,杏一
生技醫療業,4178,永笙-KY
生技醫療業,4183,福永生技
生技醫療業,4186,尖端醫
生技醫療業,4188,安克
化學生技醫療,4190,佐登-KY
生技醫療業,4190,佐登-KY
生技醫療業,4192,杏國
生技醫療業,4194,禾生技
生技醫療業,4195,基米
生技醫療業,4197,暐世
生技醫療業,4198,欣大健康
食品工業,4205,中華食
食品工業,4207,環泰
塑膠工業,4303,信立
塑膠工業,4304,勝昱
塑膠工業,4305,世坤
塑膠工業,4306,炎洲
紡織纖維,4401,東隆興
紡織纖維,4402,郡都開發
紡織纖維,4406,新昕纖
紡織纖維,4413,飛寶企業
紡織纖維,4414,如興
建材營造,4416,三圓
紡織纖維,4417,金洲
紡織纖維,4419,元勝
觀光餐旅,4419,皇家美食
紡織纖維,4420,光明
紡織纖維,4426,利勤
紡織纖維,4429,聚紡
其他,4430,耀億
其他,4431,敏成健康
紡織纖維,4432,銘旺實
紡織纖維,4433,興采
紡織纖維,4438,廣越
紡織纖維,4439,冠星-KY
紡織纖維,4440,宜新實業
紡織纖維,4441,振大環球
紡織纖維,4442,竣邦-KY
電機機械,4502,健信
電機機械,4503,金雨
電機機械,4506,崇友
電機機械,4510,高鋒
電機機械,4513,福裕
電機機械,4523,永彰
電機機械,4526,東台
電機機械,4527,方土霖
電機機械,4528,江興鍛
其他,4529,淳紳
電機機械,4530,宏易
觀光餐旅,4530,宏易
電機機械,4532,瑞智
電機機械,4533,協易機
電機機械,4534,慶騰
電機機械,4535,至興
其他,4536,拓凱
運動休閒,4536,拓凱
光電業,4537,旭東
電機機械,4538,大詠城
電機機械,4540,全球傳動
其他,4541,晟田
電子零組件業,4542,科嶠
電機機械,4543,萬在
電機機械,4544,春日
電子工業,4545,銘鈺
電子零組件業,4545,銘鈺
電機機械,4546,長亨
電機機械,4549,桓達
電機機械,4550,長佳
汽車工業,4551,智伸科
電機機械,4552,力達-KY
電機機械,4553,盛復
其他電子類,4554,橙的
電機機械,4555,氣立
其他,4556,旭然
汽車工業,4557,永新-KY
電機機械,4558,寶緯
運動休閒,4559,久裕興
電機機械,4560,強信-KY
電機機械,4561,健椿
電機機械,4562,穎漢
電機機械,4563,百德
電機機械,4564,元翎
電機機械,4565,宏偉
電機機械,4566,時碩工業
電機機械,4568,科際精密
汽車工業,4569,六方科-KY
電機機械,4570,傑生
電機機械,4571,鈞興-KY
電機機械,4572,駐龍
電機機械,4573,高明鐵
電機機械,4575,銓寶
電機機械,4576,大銀微系統
其他電子類,4577,達航科技
電機機械,4578,總格精密
電機機械,4580,捷流閥業
汽車工業,4581,光隆精密-KY
綠能環保,4582,聚恆
電機機械,4583,台灣精銳
電機機械,4584,君帆
其他電子業,4585,達明
電子工業,4585,達明
電機機械,4587,寶元數控
其他電子業,4588,玖鼎電力
電子工業,4588,玖鼎電力
電機機械,4589,碩陽電機
電機機械,4590,富田
電器電纜,4609,唐鋒
居家生活類,4609,唐鋒
化學工業,4702,中美實
居家生活類,4702,中美實
化學工業,4706,大恭
化學工業,4707,磐亞
化學工業,4711,永純
食品工業,4712,南璋
化學工業,4714,永捷
化學工業,4716,大立
化學工業,4720,德淵
化學生技醫療,4720,德淵
化學工業,4721,美琪瑪
化學生技醫療,4722,國精化
化學工業,4722,國精化
生技醫療業,4724,宣捷幹細胞
化學生技醫療,4725,信昌化
化學工業,4725,信昌化
生技醫療業,4726,永昕
生技醫療業,4728,雙美
光電業,4729,熒茂
生技醫療業,4732,彥臣
化學生技醫療,4733,上緯
化學工業,4733,上緯
生技醫療業,4735,豪展
化學生技醫療,4736,泰博
生技醫療業,4736,泰博
化學生技醫療,4737,華廣
生技醫療業,4737,華廣
化學工業,4738,大同精化
化學工業,4739,康普
化學生技醫療,4739,康普
化學工業,4741,泓瀚
生技醫療業,4743,合一
生技醫療業,4744,皇將
生技醫療業,4745,合富-KY
化學生技醫療,4746,台耀
生技醫療業,4746,台耀
生技醫療業,4747,強生
光電業,4749,新應材
半導體業,4749,新應材
化學工業,4754,國碳科
化學工業,4755,三福化
化學生技醫療,4755,三福化
其他電子類,4760,勤凱
化學工業,4763,材料*-KY
化學生技醫療,4763,材料*-KY
化學生技醫療,4764,雙鍵
化學工業,4764,雙鍵
化學工業,4765,磐采
化學工業,4766,南寶
化學生技醫療,4766,南寶
化學工業,4767,誠泰科技
化學工業,4768,晶呈科技
化學工業,4770,上品
化學生技醫療,4770,上品
化學生技醫療,4771,望隼
生技醫療業,4771,望隼
化學工業,4772,台特化
化學工業,4773,高福
文化創意業,4803,VHQ-KY
觀光事業,4804,大略-KY
觀光餐旅,4804,大略-KY
文化創意業,4806,桂田文創
貿易百貨,4807,日成-KY
通信網路業,4903,聯光通
通信網路業,4904,遠傳
電子工業,4904,遠傳
通信網路業,4905,台聯電
通信網路業,4906,正文
電子工業,4906,正文
建材營造,4907,富宇
通信網路業,4908,前鼎
通信網路業,4909,新復興
生技醫療業,4911,德英
電子零組件業,4912,聯德控股-KY
電子工業,4912,聯德控股-KY
電子工業,4915,致伸
電子零組件業,4915,致伸
電子工業,4916,事欣科
電腦及週邊設備業,4916,事欣科
半導體業,4919,新唐
電子工業,4919,新唐
半導體業,4923,力士
電腦及週邊設備業,4924,欣厚-KY
半導體業,4925,智微
電子工業,4927,泰鼎-KY
電子零組件業,4927,泰鼎-KY
電器電纜,4930,燦星網
電腦及週邊設備業,4931,新盛力
光電業,4933,友輝
光電業,4934,太極
電子工業,4934,太極
光電業,4935,茂林-KY
電子工業,4935,茂林-KY
電子工業,4938,和碩
電腦及週邊設備業,4938,和碩
電子零組件業,4939,亞電
光電業,4942,嘉彰
電子工業,4942,嘉彰
電子工業,4943,康控-KY
電子零組件業,4943,康控-KY
光電業,4944,兆遠
半導體業,4945,陞達科技
文化創意業,4946,辣椒
光電業,4949,有成精密
電子工業,4949,有成精密
其他,4950,金耘國際
鋼鐵工業,4950,金耘國際
半導體業,4951,精拓科
半導體業,4952,凌通
電子工業,4952,凌通
資訊服務業,4953,緯軟
光電業,4956,光鋐
電子工業,4956,光鋐
電子工業,4958,臻鼎-KY
電子零組件業,4958,臻鼎-KY
光電業,4960,誠美材
電子工業,4960,誠美材
半導體業,4961,天鈺
電子工業,4961,天鈺
半導體業,4966,譜瑞-KY
半導體業,4967,十銓
電子工業,4967,十銓
電子工業,4968,立積
半導體業,4968,立積
半導體業,4971,IET-KY
光電業,4972,湯石照明
半導體業,4973,廣穎
電子零組件業,4974,亞泰
光電業,4976,佳凌
電子工業,4976,佳凌
通信網路業,4977,眾達-KY
電子工業,4977,眾達-KY
通信網路業,4979,華星光
電子零組件業,4980,佐臻
電子工業,4984,科納-KY
通信網路業,4984,科納-KY
電腦及週邊設備業,4987,科誠
電子工業,4989,榮科
電子零組件業,4989,榮科
半導體業,4991,環宇-KY
資訊服務業,4994,傳奇
電子工業,4994,傳奇
光電業,4995,晶達
電子工業,4999,鑫禾
電子零組件業,4999,鑫禾
鋼鐵工業,5007,三星
鋼鐵工業,5009,榮剛
鋼鐵工業,5011,久陽
鋼鐵工業,5013,強新
鋼鐵工業,5014,建錩
鋼鐵工業,5015,華祺
鋼鐵工業,5016,松和
橡膠工業,5102,富強
資訊服務業,5201,凱衛
資訊服務業,5202,力新
資訊服務業,5203,訊連
電子工業,5203,訊連
其他電子類,5205,中茂
綠能環保類,5205,中茂
建材營造,5206,坤悅
資訊服務業,5209,新鼎
其他,5209,新鼎
資訊服務業,5210,寶碩
資訊服務業,5211,蒙恬
資訊服務業,5212,凌網
建材營造,5213,亞昕
電子工業,5215,科嘉-KY
電腦及週邊設備業,5215,科嘉-KY
光電業,5220,萬達光電
半導體業,5222,全訊
電子工業,5222,全訊
電腦及週邊設備業,5223,安力-KY
其他電子業,5225,東科-KY
電子工業,5225,東科-KY
電子零組件業,5227,立凱-KY
電子零組件業,5228,鈺鎧
光電業,5230,雷笛克光學
其他電子業,5233,有量
電子工業,5234,達興材料
光電業,5234,達興材料
半導體業,5236,凌陽創新
光電業,5240,建騰
電子工業,5243,乙盛-KY
光電業,5243,乙盛-KY
光電業,5244,弘凱
電子工業,5244,弘凱
光電業,5245,智晶
半導體業,5246,勵威
光電業,5248,景傳
光電業,5251,天鉞電
電子零組件業,5254,欣訊科技
電子工業,5258,虹堡
電腦及週邊設備業,5258,虹堡
光電業,5259,奕智博
電子工業,5259,奕智博
半導體業,5262,立達
文化創意業,5263,智崴
電子工業,5264,鎧勝-KY
電腦及週邊設備業,5264,鎧勝-KY
光電業,5267,龍翩
半導體業,5269,祥碩
電子工業,5269,祥碩
電子零組件業,5271,紘通
半導體業,5272,笙科
半導體業,5274,信驊
其他,5276,達輝-KY
光電業,5277,葳天
電子商務業,5278,尚凡
數位雲端類,5278,尚凡*
半導體業,5280,F-敦泰
電子工業,5280,F-敦泰
光電業,5281,大峽谷-KY
電器電纜,5283,禾聯碩
其他,5284,jpp-KY
半導體業,5285,界霖
電子工業,5285,界霖
電子商務業,5287,數字
數位雲端類,5287,數字
電機機械,5288,豐祥-KY
電腦及週邊設備業,5289,宜鼎
電子零組件業,5291,邑昇
綠能環保,5292,華懋
半導體業,5297,廣化
半導體業,5299,杰力
觀光事業,5301,寶得利
觀光餐旅,5301,寶得利
半導體業,5302,太欣
電腦及週邊設備業,5304,鼎創達
電子工業,5305,敦南
半導體業,5305,敦南
其他,5306,桂盟
運動休閒,5306,桂盟
電子零組件業,5309,系統電
資訊服務業,5310,天剛
生技醫療業,5312,寶島科
半導體業,5314,世紀*
其他,5314,世紀*
光電業,5315,光聯
電子零組件業,5321,美而快
電子商務業,5321,美而快
數位雲端類,5321,美而快
建材營造,5324,士開
電子零組件業,5328,華容
電子零組件業,5340,建榮
半導體業,5344,立衛
電子零組件業,5345,天揚
其他,5345,馥鴻
半導體業,5347,世界
通信網路業,5348,正能量智能
運動休閒類,5348,正能量智能
電子零組件業,5349,先豐
半導體業,5351,鈺創
通信網路業,5353,台林
電子零組件業,5355,佳總
電腦及週邊設備業,5356,協益
觀光事業,5364,力麗店
觀光餐旅,5364,力麗店
光電業,5371,中光電
電子零組件業,5381,合正
其他電子類,5383,金利
電腦及週邊設備業,5386,青雲
通信網路業,5388,中磊
電子工業,5388,中磊
光電業,5392,能率
其他,5398,慕康生醫
資訊服務業,5403,中菲
資訊服務業,5410,國眾
半導體業,5425,台半
電腦及週邊設備業,5426,振發
光電業,5432,新門
綠能環保類,5432,新門
電子工業,5434,崇越
電子通路業,5434,崇越
電腦及週邊設備業,5438,東友
電子零組件業,5439,高技
光電業,5443,均豪
半導體業,5443,均豪
電腦及週邊設備業,5450,寶聯通
其他,5450,南良
其他電子類,5452,佶優
建材營造,5455,昇益
電子零組件業,5457,宣德
電子零組件業,5460,同協
電子零組件業,5464,霖宏
電腦及週邊設備業,5465,富驊
半導體業,5468,凱鈺
電子工業,5469,瀚宇博
電子零組件業,5469,瀚宇博
半導體業,5471,松翰
電子工業,5471,松翰
電腦及週邊設備業,5474,聰泰
電子零組件業,5475,德宏
文化創意業,5478,智冠
電子零組件業,5481,新華
其他,5481,新華
半導體業,5483,中美晶
光電業,5484,慧友
電子工業,5484,慧友
半導體業,5487,通泰
電子零組件業,5488,松普
其他電子類,5489,彩富
電腦及週邊設備業,5490,同亨
其他電子類,5493,三聯
電子零組件業,5498,凱崴
建材營造,5508,永信建
建材營造,5511,德昌
建材營造,5512,力麒
建材營造,5514,三豐
建材營造,5515,建國
建材營造,5516,雙喜
建材營造,5519,隆大
建材營造,5520,力泰
建材營造,5521,工信
建材營造,5522,遠雄
建材營造,5523,豐謙
建材營造,5525,順天
建材營造,5529,鉅陞
其他,5530,龍巖
建材營造,5531,鄉林
建材營造,5533,皇鼎
建材營造,5534,長虹
其他電子類,5536,聖暉*
鋼鐵工業,5538,東明-KY
建材營造,5543,桓鼎-KY
建材營造,5546,永固-KY
建材營造,5547,久舜
建材營造,5548,安倉
航運業,5601,台聯櫃
航運業,5603,陸海
航運業,5604,中連貨
其他,5604,中連
航運業,5607,遠雄港
航運業,5608,四維航
航運業,5609,中菲行
觀光事業,5701,劍湖山
觀光餐旅,5701,劍湖山
觀光事業,5703,亞都
觀光餐旅,5703,亞都
觀光事業,5704,老爺知
觀光餐旅,5704,老爺知
觀光事業,5706,鳳凰
觀光餐旅,5706,鳳凰
金融業,5820,日盛金
金融保險,5854,合庫
金融業,5859,遠壽
金融業,5863,瑞興銀
金融業,5864,致和證
其他,5871,中租-KY
金融保險,5876,上海商銀
金融業,5878,台名
金融保險,5880,合庫金
貿易百貨,5902,德記
居家生活類,5902,德記
貿易百貨,5903,全家
居家生活類,5903,全家
貿易百貨,5904,寶雅
居家生活類,5904,寶雅
貿易百貨,5905,南仁湖
觀光餐旅,5905,南仁湖
貿易百貨,5906,台南-KY
貿易百貨,5907,大洋-KY
金融保險,6004,元京證
金融保險,6005,群益證
金融保險,6012,金鼎證
金融業,6015,宏遠證
金融業,6016,康和證
金融業,6020,大展證
金融業,6021,美好證
金融業,6023,元大期
金融保險,6024,群益期
金融業,6026,福邦證
金融業,6027,德信
金融業,6028,公勝保經
金融業,6035,悠遊卡
文化創意業,6101,寬魚國際
半導體業,6103,合邦
半導體業,6104,創惟
電子工業,6108,競國
電子零組件業,6108,競國
通信網路業,6109,亞元
文化創意業,6111,大宇資
資訊服務業,6112,邁達特
電子工業,6112,邁達特
電子通路業,6113,亞矽
電子零組件業,6114,久威
電子工業,6115,鎰勝
電子零組件業,6115,鎰勝
光電業,6116,彩晶
電子工業,6116,彩晶
電子工業,6117,迎廣
電腦及週邊設備業,6117,迎廣
電子通路業,6118,建達
電子工業,6119,大傳
電子通路業,6119,大傳
光電業,6120,達運
電子工業,6120,達運
電腦及週邊設備業,6121,新普
電機機械,6122,擎邦
電腦及週邊設備業,6123,上奇
資訊服務業,6123,上奇
電子零組件業,6124,業強
光電業,6125,廣運
電子零組件業,6126,信音
電子零組件業,6127,九豪
電子工業,6128,上福
電腦及週邊設備業,6128,上福
半導體業,6129,普誠
生技醫療業,6130,上亞科技
光電業,6131,鈞泰
電子工業,6131,鈞泰
電子工業,6133,金橋
電子零組件業,6133,金橋
電子零組件業,6134,萬旭
通信網路業,6136,富爾特
電子工業,6136,富爾特
半導體業,6138,茂達
其他電子業,6139,亞翔
電子工業,6139,亞翔
資訊服務業,6140,訊達
電子工業,6141,柏承
電子零組件業,6141,柏承
通信網路業,6142,友勁
電子工業,6142,友勁
通信網路業,6143,振曜
文化創意業,6144,得利影
電子通路業,6145,勁永
電子工業,6145,勁永
其他電子類,6146,耕興
半導體業,6147,頎邦
資訊服務業,6148,驊宏資
電腦及週邊設備業,6150,撼訊
其他電子類,6151,晉倫
通信網路業,6152,百一
電子工業,6152,百一
電子工業,6153,嘉聯益
電子零組件業,6153,嘉聯益
電子通路業,6154,順發
電子工業,6155,鈞寶
電子零組件業,6155,鈞寶
電子零組件業,6156,松上
電子零組件業,6158,禾昌
電腦及週邊設備業,6160,欣技
電腦及週邊設備業,6161,捷波
通信網路業,6163,華電網
光電業,6164,華興
電子工業,6164,華興
電子零組件業,6165,浪凡
電子工業,6165,浪凡
其他,6165,浪凡
數位雲端,6165,浪凡
電子工業,6166,凌華
電腦及週邊設備業,6166,凌華
光電業,6167,久正
光電業,6168,宏齊
電子工業,6168,宏齊
文化創意業,6169,昱泉
通信網路業,6170,統振
建材營造,6171,大城地產
電子工業,6172,互億
電腦及週邊設備業,6172,互億
電子零組件業,6173,信昌電
電子零組件業,6174,安碁
電子零組件業,6175,立敦
光電業,6176,瑞儀
電子工業,6176,瑞儀
建材營造,6177,達麗
其他,6179,亞通
文化創意業,6180,橘子
半導體業,6182,合晶
資訊服務業,6183,關貿
電子工業,6183,關貿
其他,6184,大豐電
電子零組件業,6185,幃翔
建材營造,6186,新潤
其他電子類,6187,萬潤
半導體業,6187,萬潤
電腦及週邊設備業,6188,廣明
電子工業,6189,豐藝
電子通路業,6189,豐藝
通信網路業,6190,萬泰科
電子工業,6191,精成科
電子零組件業,6191,精成科
電子工業,6192,巨路
其他電子業,6192,巨路
電子零組件業,6194,育富
貿易百貨,6195,詩肯
居家生活類,6195,詩肯
電子工業,6196,帆宣
其他電子業,6196,帆宣
電子工業,6197,佳必琪
電子零組件業,6197,佳必琪
半導體業,6198,瑞築
建材營造,6198,瑞築
其他,6199,天品
上櫃指數股票型基金(ETF),6201,元大富櫃50
其他電子業,6201,亞弘電
電子工業,6201,亞弘電
上櫃ETF,6201,元大富櫃50
半導體業,6202,盛群
電子工業,6202,盛群
電子零組件業,6203,海韻電
ETF,6203,元大MSCI台灣
電子零組件業,6204,艾華
ETF,6204,永豐臺灣加權
電子工業,6205,詮欣
電子零組件業,6205,詮欣
ETF,6205,富邦上証
電子工業,6206,飛捷
電腦及週邊設備業,6206,飛捷
ETF,6206,元大上證50
電子零組件業,6207,雷科
ETF,6207,復華滬深
電子零組件業,6208,日揚
半導體業,6208,日揚
ETF,6208,富邦台50
光電業,6209,今國光
電子工業,6209,今國光
電子零組件業,6210,慶生
建材營造,6212,理銘
電子工業,6213,聯茂
電子零組件業,6213,聯茂
電子工業,6214,精誠
資訊服務業,6214,精誠
其他電子業,6215,和椿
電子工業,6215,和椿
電子工業,6216,居易
通信網路業,6216,居易
電子零組件業,6217,中探針
通信網路業,6218,豪勉
建材營造,6219,富旺
電子零組件業,6220,岳豐
資訊服務業,6221,晉泰
光電業,6222,立軒
半導體業,6223,旺矽
電子工業,6224,聚鼎
電子零組件業,6224,聚鼎
光電業,6225,天瀚
電子工業,6225,天瀚
電子工業,6226,光鼎
光電業,6226,光鼎
電子通路業,6227,茂綸
電腦及週邊設備業,6228,全譜
半導體業,6229,研通
電子工業,6230,尼得科超眾
電腦及週邊設備業,6230,尼得科超眾
資訊服務業,6231,系微
半導體業,6233,旺玖
光電業,6234,高僑
電腦及週邊設備業,6235,華孚
電子工業,6235,華孚
其他,6236,中湛
半導體業,6237,驊訊
其他電子類,6238,勝麗
電子工業,6239,力成
半導體業,6239,力成
其他,6240,松崗
資訊服務業,6240,松崗
通信網路業,6241,易通展
生技醫療業,6242,立康
電子工業,6243,迅杰
半導體業,6243,迅杰
光電業,6244,茂迪
通信網路業,6245,立端
光電業,6246,臺龍
其他電子類,6247,淇譽電
鋼鐵工業,6248,沛波
電子工業,6251,定穎
電子零組件業,6251,定穎
光電業,6255,奈普
電子工業,6255,奈普
半導體業,6257,矽格
電子工業,6257,矽格
電子零組件業,6259,百徽
半導體業,6261,久元
通信網路業,6263,普萊德
建材營造,6264,富裔
電子通路業,6265,方土昶
電子零組件業,6266,泰詠
電子零組件業,6269,台郡
電子工業,6269,台郡
電子通路業,6270,倍微
半導體業,6271,同欣電
電子工業,6271,同欣電
電子零組件業,6272,驊陞
電子零組件業,6274,台燿
其他電子類,6275,元山
電子零組件業,6275,元山
電腦及週邊設備業,6276,安鈦克
電腦及週邊設備業,6277,宏正
電子工業,6277,宏正
電子工業,6278,台表科
光電業,6278,台表科
電子零組件業,6279,胡連
電子工業,6280,崇貿
電子通路業,6281,全國電
電子工業,6281,全國電
電子零組件業,6282,康舒
電子工業,6282,康舒
電子工業,6283,淳安
其他電子業,6283,淳安
電子零組件業,6284,佳邦
電子工業,6285,啟碁
通信網路業,6285,啟碁
半導體業,6286,立錡
電子工業,6286,立錡
半導體業,6287,元隆
汽車工業,6288,聯嘉
光電業,6289,華上
電子工業,6289,華上
電子零組件業,6290,良維
半導體業,6291,沛亨
電子零組件業,6292,迅德
文化創意業,6294,智基
通信網路業,6403,群登
資訊服務業,6404,通訊-KY
光電業,6405,悅城
電子工業,6405,悅城
電子零組件業,6407,相互
其他電子業,6409,旭隼
電子工業,6409,旭隼
半導體業,6411,晶焱
電子工業,6412,群電
電子零組件業,6412,群電
電子工業,6414,樺漢
電腦及週邊設備業,6414,樺漢
半導體業,6415,矽力*-KY
電子工業,6415,矽力*-KY
通信網路業,6416,瑞祺電通
電子工業,6416,瑞祺電通
通信網路業,6417,韋僑
電子零組件業,6418,詠昇
光電業,6419,京晨科
電子工業,6422,君耀-KY
電子零組件業,6422,君耀-KY
創新版股票,6423,億而得-創
半導體業,6423,億而得-創
電子工業,6423,億而得-創
創新板股票,6423,億而得-創
電機機械,6425,易發
通信網路業,6426,統新
電子工業,6426,統新
文化創意業,6428,台灣淘米
電子工業,6431,光麗-KY
光電業,6431,光麗-KY
化學生技醫療,6431,光麗-KY
生技醫療業,6431,光麗-KY
電子零組件業,6432,今展科
光電業,6434,達輝光電
半導體業,6435,大中
其他電子類,6438,迅得
其他電子業,6438,迅得
電子工業,6438,迅得
電腦及週邊設備業,6441,廣錠
通信網路業,6442,光聖
電子工業,6442,光聖
電子工業,6443,元晶
光電業,6443,元晶
化學生技醫療,6446,藥華藥
生技醫療業,6446,藥華藥
電子工業,6449,鈺邦
電子零組件業,6449,鈺邦
半導體業,6451,訊芯-KY
電子工業,6451,訊芯-KY
化學生技醫療,6452,康友-KY
生技醫療業,6452,康友-KY
光電業,6456,GIS-KY
電子工業,6456,GIS-KY
半導體業,6457,紘康
生技醫療業,6461,益得
半導體業,6462,神盾
其他,6464,台數科
通信網路業,6465,威潤
生技醫療業,6467,泰合
生技醫療業,6469,大樹
通信網路業,6470,宇智
生技醫療業,6472,保瑞
化學生技醫療,6472,保瑞
數位雲端,6473,美賣*
電子通路業,6474,華豫寧
電子工業,6477,安集
光電業,6477,安集
文化創意業,6482,弘煜科
生技醫療業,6483,原創生醫
半導體業,6485,點序
通信網路業,6486,互動
半導體業,6488,環球晶
生技醫療業,6491,晶碩
化學生技醫療,6491,晶碩
生技醫療業,6492,生華科
生技醫療業,6493,雷虎生
半導體業,6494,九齊
化學工業,6495,納諾*-KY
生技醫療業,6496,科懋
生技醫療業,6497,亞獅康-KY
光電業,6498,久禾光
生技醫療業,6499,益安
其他,6504,南六
油電燃氣業,6505,台塑化
化學工業,6506,雙邦
紡織纖維,6506,雙邦
農業科技業,6508,惠光
化學工業,6509,聚和
半導體業,6510,精測
其他電子類,6512,啟發電
通信網路業,6514,芮特-KY
半導體業,6515,穎崴
電子工業,6515,穎崴
資訊服務業,6516,勤崴國際
光電業,6517,保勝光學
生技醫療業,6518,康科特
生技醫療業,6523,達爾膚
半導體業,6525,捷敏-KY
電子工業,6525,捷敏-KY
電子工業,6526,達發
半導體業,6526,達發
生技醫療業,6527,明達醫
通信網路業,6530,創威
電子工業,6531,愛普*
半導體業,6531,愛普*
半導體業,6532,瑞耘
半導體業,6533,晶心科
電子工業,6533,晶心科
創新版股票,6534,正瀚-創
創新板股票,6534,正瀚-創
化學生技醫療,6534,正瀚-創
生技醫療業,6534,正瀚-創
生技醫療業,6535,順藥
資訊服務業,6536,碩豐
電子零組件業,6538,倉和
生技醫療業,6539,麗彤
化學生技醫療,6541,泰福-KY
生技醫療業,6541,泰福-KY
文化創意業,6542,隆中
生技醫療業,6543,普惠醫工
通信網路業,6546,正基
生技醫療業,6547,高端疫苗
半導體業,6548,長科*
生技醫療業,6549,景凱
化學生技醫療,6550,北極星藥業-KY
生技醫療業,6550,北極星藥業-KY
半導體業,6552,易華電
電子工業,6552,易華電
電子零組件業,6555,榮炭
光電業,6556,勝品
其他電子業,6558,興能高
電子工業,6558,興能高
光電業,6559,研晶
光電業,6560,欣普羅
通信網路業,6561,是方
生技醫療業,6562,聯亞藥
半導體業,6563,映智
生技醫療業,6564,安特羅
數位雲端,6565,物聯
半導體業,6568,宏觀
生技醫療業,6569,醫揚
電腦及週邊設備業,6570,維田
生技醫療業,6572,博錸
半導體業,6573,虹揚-KY
電子工業,6573,虹揚-KY
生技醫療業,6574,霈方
生技醫療業,6576,逸達
電腦及週邊設備業,6577,勁豐
農業科技業,6578,達邦蛋白
電子工業,6579,研揚
電腦及週邊設備業,6579,研揚
生技醫療業,6580,台睿
其他,6581,鋼聯
綠能環保,6581,鋼聯
橡膠工業,6582,申豐
文化創意業,6583,友松
電子零組件業,6584,南俊國際
其他,6585,鼎基
生技醫療業,6586,醣基
通信網路業,6588,東典光電
化學生技醫療,6589,台康生技
生技醫療業,6589,台康生技
資訊服務業,6590,普鴻
電子工業,6591,動力-KY
電腦及週邊設備業,6591,動力-KY
其他,6592,和潤企業
資訊服務業,6593,台灣銘板
半導體業,6594,展匯科
文化創意業,6595,光禹國際
文化創意業,6596,寬宏藝術
電子零組件業,6597,立誠
化學生技醫療,6598,ABC-KY
生技醫療業,6598,ABC-KY
電腦及週邊設備業,6599,普達系統
電機機械,6603,富強鑫
電機機械,6604,儒億
汽車工業,6605,帝寶
電機機械,6606,建德工業
電機機械,6609,瀧澤科
生技醫療業,6610,安成生技
生技醫療業,6612,奈米醫材
其他電子類,6613,朋億*
數位雲端,6614,資拓宏宇
生技醫療業,6615,慧智
其他,6616,特昇-KY
居家生活類,6616,特昇-KY
生技醫療業,6617,共信-KY
化學工業,6618,永虹先進
生技醫療業,6620,漢達
生技醫療業,6621,華宇藥
文化創意業,6622,百聿數碼
其他,6624,萬年清
綠能環保類,6624,萬年清
其他,6625,必應
文化創意業,6626,唯數
其他,6629,泰金-KY
居家生活類,6629,泰金-KY
生技醫療業,6634,欣耀
生技醫療業,6637,醫影
電腦及週邊設備業,6638,沅聖
油電燃氣業,6639,源大環能
半導體業,6640,均華
其他,6641,基士德-KY
綠能環保,6641,基士德-KY
電子零組件業,6642,富致
半導體業,6643,M31
創新版股票,6645,金萬林-創
創新板股票,6645,金萬林-創
化學生技醫療,6645,金萬林-創
生技醫療業,6645,金萬林-創
其他電子業,6648,斯其大
生技醫療業,6649,台生材
文化創意業,6650,帝圖
半導體業,6651,全宇昕
生技醫療業,6652,雅祥生醫
其他電子類,6654,天正國際
其他,6655,科定
生技醫療業,6657,華安
化學生技醫療,6657,華安
其他電子業,6658,聯策
電子工業,6658,聯策
生技醫療業,6661,威健生技
生技醫療業,6662,樂斯科
電子零組件業,6664,群翊
生技醫療業,6665,康聯生醫
化學生技醫療,6666,羅麗芬-KY
生技醫療業,6666,羅麗芬-KY
其他電子類,6667,信紘科
電子工業,6668,中揚光
光電業,6668,中揚光
電腦及週邊設備業,6669,緯穎
電子工業,6669,緯穎
其他,6670,復盛應用
運動休閒,6670,復盛應用
其他,6671,三能-KY
居家生活,6671,三能-KY
電子工業,6672,騰輝電子-KY
電子零組件業,6672,騰輝電子-KY
光電業,6673,和詮
通信網路業,6674,鋐寶科技
電子工業,6674,鋐寶科技
生技醫療業,6676,祥翊
生技醫療業,6677,瑩碩生技
半導體業,6679,鈺太
電腦及週邊設備業,6680,鑫創電子
光電業,6682,華旭先進
半導體業,6683,雍智科技
半導體業,6684,安格
其他電子業,6689,伊雲谷
電子工業,6689,伊雲谷
數位雲端,6689,伊雲谷
資訊服務業,6690,安碁資訊
數位雲端類,6690,安碁資訊
其他電子業,6691,洋基工程
電子工業,6691,洋基工程
綠能環保類,6692,進能服
半導體業,6693,廣閎科
半導體業,6695,芯鼎
電子工業,6695,芯鼎
生技醫療業,6696,仁新
資訊服務業,6697,東捷資訊
電子工業,6698,旭暉應材
其他電子業,6698,旭暉應材
半導體業,6699,奇邑
航運業,6702,興航
生技醫療業,6703,軒郁
生技醫療業,6704,國璽幹細胞
電機機械,6705,振躍精密
光電業,6706,惠特
電子工業,6706,惠特
電子通路業,6707,富基電通
半導體業,6708,天擎
生技醫療業,6709,昱厚生技
生技醫療業,6712,長聖
電子工業,6715,嘉基
電子零組件業,6715,嘉基
半導體業,6716,應廣
半導體業,6719,力智
電子工業,6719,力智
半導體業,6720,久昌
其他,6721,信實
其他電子業,6722,輝創
綠能環保,6723,傑智環境
其他電子業,6725,矽科宏晟
電子零組件業,6727,亞泰金屬
貿易百貨,6728,上洋
居家生活類,6728,上洋
光電業,6729,機光科技
生技醫療業,6730,常廣
半導體業,6732,昇佳電子
生技醫療業,6733,博晟生醫
生技醫療業,6734,安盛生
其他電子類,6735,美達科技
電腦及週邊設備業,6737,秀育
資訊服務業,6738,鼎恒
其他電子業,6739,竹陞科技
其他電子類,6739,竹陞科技
電子商務業,6741,91APP*-KY
數位雲端類,6741,91APP*-KY
光電業,6742,澤米
電子工業,6742,澤米
其他電子業,6743,安普新
電子工業,6743,安普新
生技醫療業,6744,豐技生技
生技醫療業,6747,亨泰光
生技醫療業,6748,亞果生醫
其他電子業,6750,泰創工程
資訊服務業,6751,智聯服務
資訊服務業,6752,叡揚
航運業,6753,龍德造船
其他,6754,匯僑設計
居家生活,6754,匯僑設計
電子零組件業,6755,連鋐科技
半導體業,6756,威鋒電子
電子工業,6756,威鋒電子
創新版股票,6757,台灣虎航-創
航運業,6757,台灣虎航
生技醫療業,6758,冠亞
電子零組件業,6761,穩得
生技醫療業,6762,達亞
電子商務業,6763,綠界科技
數位雲端類,6763,綠界科技*
其他,6764,亞洲教育
生技醫療業,6767,台微醫
其他,6768,志強-KY
運動休閒,6768,志強-KY
半導體業,6770,力積電
電子工業,6770,力積電
創新版股票,6771,平和環保-創
創新板股票,6771,平和環保-創
綠能環保,6771,平和環保-創
光電業,6775,穎台科技
電子工業,6776,展碁國際
電子通路業,6776,展碁國際
文化創意業,6780,學習王
電子工業,6781,AES-KY
電子零組件業,6781,AES-KY
化學生技醫療,6782,視陽
生技醫療業,6782,視陽
通信網路業,6784,天凱科技
生技醫療業,6785,昱展新藥
半導體業,6786,芯測
光電業,6787,晶瑞光
半導體業,6788,華景電
半導體業,6789,采鈺
電子工業,6789,采鈺
造紙工業,6790,永豐實
資訊服務業,6791,虎門科技
通信網路業,6792,詠業
電子工業,6792,詠業
其他,6793,天力離岸
創新版股票,6794,向榮生技-創
創新板股票,6794,向榮生技-創
化學生技醫療,6794,向榮生技
生技醫療業,6794,向榮生技
化學生技醫療,6796,晉弘
生技醫療業,6796,晉弘
生技醫療業,6797,圓點奈米
運動休閒,6798,展逸
半導體業,6799,來頡
電子工業,6799,來頡
其他,6803,崑鼎
綠能環保類,6803,崑鼎
其他,6804,明係
運動休閒類,6804,明係
電子工業,6805,富世達
電子零組件業,6805,富世達
其他,6806,森崴能源
綠能環保,6806,森崴能源
其他,6807,峰源-KY
居家生活,6807,峰源-KY
生技醫療業,6808,三鼎生技
生技醫療業,6810,新穎生醫
資訊服務業,6811,宏碁資訊
數位雲端類,6811,宏碁資訊
光電業,6812,梭特
電腦及週邊設備業,6813,富動科
生技醫療業,6814,路迦生醫
生技醫療業,6815,晶鑽生醫
資訊服務業,6816,捷智商訊
生技醫療業,6817,溫士頓
通信網路業,6818,連騰
半導體業,6819,眾智
通信網路業,6820,連訊
電子零組件業,6821,聯寶
半導體業,6823,濾能
電腦及週邊設備業,6825,和暢科技
其他電子業,6826,和淞
生技醫療業,6827,巨生醫
電機機械,6829,千附精密
半導體業,6829,千附精密
其他電子業,6830,汎銓
電子工業,6830,汎銓
電腦及週邊設備業,6831,邁科
其他,6832,金鼎科
電子零組件業,6833,太康精密
電子工業,6834,天二科技
電子零組件業,6834,天二科技
電子工業,6835,圓裕
電子零組件業,6835,圓裕
化學生技醫療,6838,台新藥
生技醫療業,6838,台新藥
綠能環保,6839,開陽能源
其他電子類,6840,東研信超
生技醫療業,6841,長佳智能
半導體業,6842,一元素
電機機械,6843,進典
生技醫療業,6844,諾貝兒
食品工業,6846,綠茵
生技醫療業,6847,普瑞博
生技醫療業,6848,拉法醫
其他電子業,6849,奇鼎科技
生技醫療業,6850,光鼎生技
創新版股票,6854,錼創科技-KY創
創新板股票,6854,錼創科技-KY創
半導體業,6854,錼創科技-KY創
電子工業,6854,錼創科技-KY創
其他電子類,6855,數泓科
文化創意業,6856,鑫傳
生技醫療業,6857,宏碁智醫
電腦及週邊設備業,6858,愛比科技
光電業,6859,伯特光
化學生技醫療,6861,睿生光電
生技醫療業,6861,睿生光電
電子工業,6862,三集瑞-KY
電子零組件業,6862,三集瑞-KY
通信網路業,6863,永道-KY
電子工業,6863,永道-KY
生技醫療業,6864,元樟生技
資訊服務業,6865,偉康科技
數位雲端類,6865,偉康科技
光電業,6867,坦德科技
資訊服務業,6868,采威國際
創新板股票,6869,雲豹能源-創
創新版股票,6869,雲豹能源
綠能環保,6869,雲豹能源
數位雲端類,6870,騰雲
生技醫療業,6872,浩宇生醫
創新板股票,6873,泓德能源-創
創新版股票,6873,泓德能源
綠能環保,6873,泓德能源
資訊服務業,6874,倍力
生技醫療業,6875,國邑*
生技醫療業,6876,朗齊生醫*
其他電子類,6877,鏵友益
金融業,6878,歐付寶
生技醫療業,6879,大江基因
其他,6881,潤德
資訊服務業,6882,甲尚
綠能環保,6883,微電能源
資訊服務業,6884,海柏特
化學生技醫療,6885,全福生技
生技醫療業,6885,全福生技
食品工業,6886,遠東生技
綠能環保,6887,寶綠特-KY
運動休閒,6890,來億-KY
生技醫療業,6891,樂迦再生
生技醫療業,6892,台寶生醫
綠能環保類,6894,衛司特
半導體業,6895,宏碩系統
資訊服務業,6898,程曦資訊
光電業,6899,創為精密
其他,6901,鑽石投資
創新版股票,6902,GOGOLOOK-創
創新板股票,6902,GOGOLOOK-創
數位雲端,6902,GOGOLOOK
其他電子業,6903,巨漢
其他電子類,6903,巨漢
其他,6904,伯鑫
數位雲端,6906,現觀科
電子通路業,6908,宏碁遊戲
半導體業,6909,創控
電子工業,6909,創控
數位雲端,6910,德鴻
其他,6911,群運
綠能環保,6912,益鈞環科*
電子零組件業,6913,鴻呈
其他,6914,阜爾運通
電子零組件業,6915,美強光
光電業,6916,華凌
電子工業,6916,華凌
生技醫療業,6917,竟天
化學生技醫療,6918,愛派司
生技醫療業,6918,愛派司
化學生技醫療,6919,康霈*
生技醫療業,6919,康霈*
半導體業,6920,恆勁科技
電腦及週邊設備業,6922,宸曜
綠能環保,6923,中台
創新版股票,6924,榮惠-KY創
創新板股票,6924,榮惠-KY創
電子工業,6924,榮惠-KY創
電子零組件業,6924,榮惠-KY創
數位雲端,6925,意藍
數位雲端類,6925,意藍
生技醫療業,6926,聖安生醫
半導體業,6927,聯合聚晶
電腦及週邊設備業,6928,攸泰科技
電子工業,6928,攸泰科技
生技醫療業,6929,佑全
化學生技醫療,6931,青松健康
生技醫療業,6931,青松健康
生技醫療業,6932,水星生醫*
電子工業,6933,AMAX-KY
電腦及週邊設備業,6933,AMAX-KY
生技醫療業,6934,心誠鎂
食品工業,6935,王子製藥
農業科技,6936,永鴻生技
化學生技醫療,6936,永鴻生技
生技醫療業,6936,永鴻生技
半導體業,6937,天虹
電子工業,6937,天虹
資訊服務業,6938,藍新資訊
生技醫療業,6939,啟弘生技
電子零組件業,6940,格斯科技*
綠能環保,6944,兆聯實業
生技醫療業,6945,圓祥生技
綠能環保,6946,三地能源
綠能環保,6947,台鎔科技
創新版股票,6949,沛爾生醫-創
創新板股票,6949,沛爾生醫-創
化學生技醫療,6949,沛爾生醫-創
生技醫療業,6949,沛爾生醫-創
創新版股票,6951,青新-創
創新板股票,6951,青新-創
綠能環保,6951,青新-創
農業科技,6952,大武山
其他,6952,大武山
半導體業,6953,家碩
創新板股票,6955,邦睿生技-創
化學生技醫療,6955,邦睿生技-創
生技醫療業,6955,邦睿生技-創
其他,6957,裕慶-KY
其他,6958,日盛台駿
化學工業,6959,兆捷科技
觀光餐旅,6961,旅天下
半導體業,6962,奕力-KY
電子工業,6962,奕力-KY
食品工業,6963,品元
運動休閒,6965,中傑-KY
電子零組件業,6967,汎瑋材料
居家生活,6968,萬達寵物
居家生活類,6968,萬達寵物
創新版股票,6969,成信實業*-創
創新板股票,6969,成信實業*-創
綠能環保,6969,成信實業*-創
綠能環保,6971,惠民實業
綠能環保類,6971,惠民實業
化學工業,6972,博瑞達應材
生技醫療業,6973,永立榮
生技醫療業,6976,育世博-KY
綠能環保,6977,聯純
光電業,6979,勝釩
通信網路業,6980,鐳洋科技
電機機械,6982,大井泵浦
其他電子業,6983,華洋精機
數位雲端,6984,ACpay
生技醫療業,6986,和迅
綠能環保,6987,寶晶能源*
創新版股票,6988,威力暘-創
創新板股票,6988,威力暘-創
汽車工業,6988,威力暘-創
綠能環保,6990,華鉬
綠能環保,6994,富威電力
其他,6995,野獸國
半導體業,6996,力領科技
數位雲端,6997,博弘
數位雲端類,6997,博弘
化學生技醫療,6999,瀚醫生技
生技醫療業,6999,瀚醫生技
光電業,7402,邑錡
電子零組件業,7419,達勝
生技醫療業,7427,華上生醫
其他,7443,凡事康
電腦及週邊設備業,7455,樺緯物聯
綠能環保,7507,環拓科技
其他,7516,清淨海
半導體業,7530,鋒魁科技
數位雲端,7547,碩網
數位雲端類,7547,碩網
數位雲端,7551,知識科技
生技醫療業,7555,美萌
半導體業,7556,意德士
其他,7558,群利科技
生技醫療業,7561,光晟生技
電腦及週邊設備業,7562,博來科技
觀光餐旅,7566,亞果遊艇
生技醫療業,7575,安美得
其他,7578,利百景
綠能環保,7583,國際海洋
文化創意業,7584,樂意
其他,7590,怡和國際
生技醫療業,7595,世基生醫
生技醫療業,7607,通用幹細胞*
創新板股票,7610,聯友金屬-創
綠能環保,7610,聯友金屬-創
其他電子業,7631,聚賢研發-創
創新板股票,7631,聚賢研發-創
電子工業,7631,聚賢研發-創
電機機械,7642,昶瑞機電
通信網路業,7689,大鵬科CLMX
綠能環保,7702,前端風電
其他電子業,7703,銳澤
其他電子類,7703,銳澤
半導體業,7704,明遠精密
觀光餐旅,7705,三商餐飲
其他,7706,宏碁創達
半導體業,7707,益芯科
觀光餐旅,7708,全家餐飲
電機機械,7709,榮田
電腦及週邊設備業,7710,東擎科技
電腦及週邊設備業,7711,永擎
半導體業,7712,博盛半導體
生技醫療業,7713,威力德生醫
數位雲端,7714,創泓科技
數位雲端類,7714,創泓科技
綠能環保,7715,裕山
綠能環保類,7715,裕山
航運業,7716,昱臺國際
鋼鐵工業,7718,友鋮
其他,7719,碳基
數位雲端,7721,微程式
數位雲端,7722,LINEPAY
觀光餐旅,7723,築間
生技醫療業,7724,諾亞克
生技醫療業,7725,列特博
生技醫療業,7726,暄達
其他電子業,7728,光焱科技
其他電子類,7728,光焱科技
生技醫療業,7729,仲恩生醫
創新板股票,7730,暉盛-創
半導體業,7730,暉盛-創
電子工業,7730,暉盛-創
食品工業,7731,火星生技*
電機機械,7732,金興精密
汽車工業,7732,金興精密
半導體業,7734,印能科技
電機機械,7736,虎山
汽車工業,7736,虎山
數位雲端,7737,凱鈿
數位雲端,7738,東聯互動
數位雲端類,7738,東聯互動
創新板股票,7740,熙特爾-創
綠能環保,7740,熙特爾-創
化學工業,7742,天弘化
食品工業,7743,金利食安
電子零組件業,7744,崴寶
數位雲端,7747,昕奇雲端
數位雲端類,7747,昕奇雲端
其他,7748,鑫囍創業
半導體業,7749,意騰-KY
電子工業,7749,意騰-KY
電機機械,7750,新代
電子工業,7751,竑騰
半導體業,7751,竑騰
綠能環保,7752,世紀樺欣
光電業,7753,星亞
生技醫療業,7754,安基生技
觀光餐旅,7756,多那之
觀光餐旅,7757,金色三麥
電子零組件業,7758,睿騰能源
生技醫療業,7759,視航生醫
觀光餐旅,7760,享溫馨
綠能環保,7761,三大未來
生技醫療業,7762,吉晟生
化學工業,7763,崇舜
其他,7764,聖州
數位雲端,7765,中華資安
資訊服務業,7767,仁大資訊
半導體業,7768,頌勝科技
半導體業,7769,鴻勁
半導體業,7770,君曜
半導體業,7772,耀穎
生技醫療業,7773,富禾生醫
生技醫療業,7776,奧孟亞
其他,7777,能率亞洲
運動休閒,7779,鍇睿國際
食品工業,7780,大研生醫
數位雲端,7781,昕力資*
居家生活,7782,光速火箭
居家生活類,7782,光速火箭
綠能環保,7783,佳運
數位雲端,7785,北祥科服
綠能環保,7786,東方風能
電子工業,7788,松川精密
電子零組件業,7788,松川精密
觀光餐旅,7789,開展
生技醫療業,7790,思必瑞特
食品工業,7791,皇家可口
其他電子業,7792,安葆
居家生活,7794,宏碁智新
電子零組件業,7795,長廣
半導體業,7796,擷發科
觀光餐旅,7797,Q Burger
建材營造,7798,將捷
生技醫療業,7799,禾榮科
化學生技醫療,7799,禾榮科
資訊服務業,7801,華芸科技
生技醫療業,7803,雲象科技
電腦及週邊設備業,7805,威聯通
數位雲端,7805,威聯通
食品工業,7806,精華生醫
生技醫療業,7808,訊聯智藥
半導體業,7810,捷創科技
運動休閒,7811,民盛
通信網路業,7812,稜研科技*
其他電子業,7813,宇辰系統
生技醫療業,7814,海昌生技
半導體業,7815,新特
電子零組件業,7816,來穎
其他,7818,溢泰實業
資訊服務業,7819,精誠金融
綠能環保,7820,立盈
其他電子業,7821,神數
半導體業,7822,倍利科
其他,7824,智寶
其他電子業,7825,和亞智慧
數位雲端,7826,極風雲創
生技醫療業,7827,漢康-KY
半導體業,7828,創新服務
生技醫療業,7829,思捷優達-KY
居家生活,7831,捷博
生技醫療業,7832,智新生技*
綠能環保,7833,綠岩能源
資訊服務業,7834,來毅數位
其他,7836,智生活
生技醫療業,7837,啟新生
數位雲端,7839,達人網
農業科技,7840,祥圃
資訊服務業,7841,經貿聯網
綠能環保,7842,天能綠電
半導體業,7843,英柏得
綠能環保,7846,德揚
觀光餐旅,7847,豊漁
其他電子業,7848,騏億鑫
其他電子業,7849,旭誼
生技醫療業,7850,寶泰生醫
半導體業,7853,政美應用
電腦及週邊設備業,7854,佐茂
其他,7855,和運租車
半導體業,7856,漢測
綠能環保,7857,合水先進
化學工業,7858,芝普
化學生技醫療,7860,得生製藥
生技醫療業,7860,得生製藥
電子零組件業,7861,貝爾威勒
紡織纖維,7862,聚泰
航運業,7863,中科物流
綠能環保,7865,金聯成
半導體業,7866,丹立
居家生活,7867,特力屋
資訊服務業,7868,聖育
電腦及週邊設備業,8008,建興電
電子工業,8008,建興電
通信網路業,8011,台通
電子工業,8011,台通
半導體業,8016,矽創
電子工業,8016,矽創
其他電子業,8021,尖點
電子工業,8021,尖點
半導體業,8024,佑華
電機機械,8027,鈦昇
半導體業,8028,昇陽半導體
電子工業,8028,昇陽半導體
電子通路業,8032,光菱
其他,8033,雷虎
通信網路業,8034,榮群
電子零組件業,8038,長園科
電子工業,8039,台虹
電子零組件業,8039,台虹
半導體業,8040,九暘
電機機械,8041,東元精電
電子零組件業,8042,金山電
電子零組件業,8043,蜜望實
電子商務業,8044,網家
數位雲端類,8044,網家
通信網路業,8045,達運光電
電子工業,8045,達運光電
電子零組件業,8046,南電
電子工業,8046,南電
其他電子類,8047,星雲
通信網路業,8048,德勝
光電業,8049,晶采
電腦及週邊設備業,8050,廣積
半導體業,8054,安國
其他電子業,8058,耐特
通信網路業,8059,凱碩
光電業,8064,東捷
貿易百貨,8066,來思達
居家生活類,8066,來思達
電子通路業,8067,志旭
電子通路業,8068,全達
光電業,8069,元太
電子工業,8070,長華*
電子通路業,8070,長華*
電子零組件業,8071,能率網通
電子工業,8072,陞泰
電子通路業,8072,陞泰
電子零組件業,8074,鉅橡
電腦及週邊設備業,8076,伍豐
觀光事業,8077,洛碁
觀光餐旅,8077,洛碁
電子工業,8078,華寶
通信網路業,8078,華寶
電子零組件業,8080,永利聯合
建材營造,8080,泰霖
半導體業,8081,致新
電子工業,8081,致新
電機機械,8083,瑞穎
電子通路業,8084,巨虹
其他電子類,8085,福華
半導體業,8086,宏捷科
光電業,8087,華鎂鑫
綠能環保類,8087,麗升能源
半導體業,8088,品安
通信網路業,8089,康全電訊
電子零組件業,8091,翔名
半導體業,8091,翔名
其他電子類,8092,建暐
電子零組件業,8093,保銳
電子通路業,8096,擎亞
通信網路業,8097,常珵
半導體業,8098,慶康科技
資訊服務業,8099,大世科
通信網路業,8101,華冠
電子工業,8101,華冠
半導體業,8102,傑霖科技
電子工業,8103,瀚荃
電子零組件業,8103,瀚荃
光電業,8104,錸寶
電子工業,8104,錸寶
光電業,8105,凌巨
電子工業,8105,凌巨
電機機械,8107,大億金茂
電子零組件業,8109,博大
半導體業,8110,華東
電子工業,8110,華東
光電業,8111,立碁
電子通路業,8112,至上
電子工業,8112,至上
電子工業,8114,振樺電
電腦及週邊設備業,8114,振樺電
電腦及週邊設備業,8119,公信
電子零組件業,8121,越峰
半導體業,8131,福懋科
電子工業,8131,福懋科
電子零組件業,8147,正淩
半導體業,8150,南茂
電子工業,8150,南茂
電子零組件業,8155,博智
創新版股票,8162,微矽電子-創
創新板股票,8162,微矽電子-創
半導體業,8162,微矽電子-創
電子工業,8162,微矽電子-創
電子工業,8163,達方
電腦及週邊設備業,8163,達方
通信網路業,8171,天宇
綠能環保類,8171,天宇
通信網路業,8176,智捷
電子零組件業,8182,加高
其他電子類,8183,精星
光電業,8199,廣鎵
電子工業,8199,廣鎵
ETF,8201,BP上證50
其他電子業,8201,無敵
電子工業,8201,無敵
電子工業,8210,勤誠
電腦及週邊設備業,8210,勤誠
電子工業,8213,志超
電子零組件業,8213,志超
光電業,8215,明基材
電子工業,8215,明基材
電機機械,8222,寶一
半導體業,8227,巨有科技
電腦及週邊設備業,8234,新漢
光電業,8240,華宏
電子工業,8249,菱光
電子零組件業,8249,菱光
電機機械,8255,朋程
半導體業,8261,富鼎
電子工業,8261,富鼎
半導體業,8271,宇瞻
電子工業,8271,宇瞻
資訊服務業,8272,全景軟體
半導體業,8277,商丞
生技醫療業,8279,生展
資訊服務業,8284,三竹
電子零組件業,8289,泰藝
電子零組件業,8291,尚茂
資訊服務業,8298,威睿
半導體業,8299,群聯
文化創意業,8329,台視
其他,8341,日友
綠能環保,8341,日友
其他,8342,益張
農業科技,8345,超秦
鋼鐵工業,8349,恒耀
塑膠工業,8354,冠好
其他,8354,冠好
電子零組件業,8358,金居
觀光餐旅,8359,錢櫃
航運業,8367,建新國際
電機機械,8374,羅昇
其他電子類,8383,千附
半導體業,8383,千附
其他,8390,金益鼎
綠能環保類,8390,金益鼎
其他,8401,白紗科
生技醫療業,8403,盛弘
其他,8404,百和興業-KY
生技醫療業,8406,金可-KY
生技醫療業,8409,商之器
電腦及週邊設備業,8410,森田
其他,8411,福貞-KY
鋼鐵工業,8415,大國鋼
資訊服務業,8416,實威
其他,8418,捷必勝-KY
其他,8420,明揚
運動休閒類,8420,明揚
其他,8421,旭源
其他,8422,可寧衛
綠能環保,8422,可寧衛
其他,8423,保綠-KY
綠能環保類,8423,保綠-KY
建材營造,8424,惠普
其他,8426,紅木-KY
其他,8427,基勝-KY
貿易百貨,8429,金麗-KY
其他電子類,8431,匯鑽科
生技醫療業,8432,東生華
貿易百貨,8433,弘帆
居家生活類,8433,弘帆
其他,8435,鉅邁
生技醫療業,8436,大江
其他,8437,大地-KY
其他,8438,昶昕
綠能環保,8438,昶昕
其他,8440,綠電
綠能環保類,8440,綠電
其他,8442,威宏-KY
貿易百貨,8443,阿瘦
其他,8444,綠河-KY
文化創意業,8446,華研
文化創意業,8450,霹靂
貿易百貨,8454,富邦媒
數位雲端,8454,富邦媒
其他電子類,8455,大拓-KY
文化創意業,8458,影一
觀光事業,8462,柏文
觀光餐旅,8462,柏文
運動休閒,8462,柏文
其他,8463,潤泰材
其他,8464,億豐
居家生活,8464,億豐
其他,8466,美吉吉-KY
其他,8467,波力-KY
運動休閒,8467,波力-KY
電子商務業,8472,夠麻吉
數位雲端類,8472,夠麻吉
其他,8473,山林水
綠能環保,8473,山林水
其他,8476,台境
綠能環保類,8476,台境
綠能環保,8476,台境*
電子商務業,8477,創業家
數位雲端類,8477,創業家
其他,8478,東哥遊艇
運動休閒,8478,東哥遊艇
其他,8480,泰昇-KY
其他,8481,政伸
其他,8482,商億-KY
居家生活,8482,商億-KY
創新版股票,8487,愛爾達-創
數位雲端,8487,愛爾達-創
創新板股票,8487,愛爾達-創
其他,8488,吉源-KY
文化創意業,8489,三貝德
其他,8489,三貝德
其他,8497,格威傳媒
其他,8499,鼎炫-KY
其他電子業,8499,鼎炫-KY
電子工業,8499,鼎炫-KY
其他,8905,裕國
其他,8906,花王
油電燃氣業,8908,欣雄
其他,8916,光隆
油電燃氣業,8917,欣泰
其他,8921,沈氏
文化創意業,8923,時報
其他,8924,大田
運動休閒類,8924,大田
油電燃氣業,8926,台汽電
油電燃氣業,8927,北基
其他,8928,鉅明
運動休閒類,8928,鉅明
其他,8929,富堡
鋼鐵工業,8930,青鋼
油電燃氣業,8931,大汽電
其他,8932,智通*
其他,8933,愛地雅
運動休閒類,8933,愛地雅
其他,8934,衡平
其他,8935,邦泰
其他,8936,國統
其他,8937,合騏
其他,8938,明安
運動休閒類,8938,明安
觀光事業,8940,新天地
觀光餐旅,8940,新天地
貿易百貨,8941,關中
居家生活類,8941,關中
其他,8942,森鉅
電機機械,8996,高力
其他,8999,台灣積層
存託憑證,9101,福雷電
存託憑證,9102,東亞科
存託憑證,9103,美德醫療-DR
存託憑證,9104,萬宇科
存託憑證,9105,泰金寶-DR
存託憑證,9106,新焦點-DR
存託憑證,9110,越南控-DR
存託憑證,9136,巨騰-DR
存託憑證,9151,旺旺
存託憑證,9157,陽光能源-DR
存託憑證,9188,精熙-DR
ETF,9800,中信NASDAQ
貿易百貨,9801,力霸
ETF,9801,中信美國創新科技
其他,9802,鈺齊-KY
運動休閒,9802,鈺齊-KY
ETF,9802,富邦旗艦50
ETF,9803,保德信市值動能50
ETF,9804,聯邦台精彩50
ETF,9805,新光美國電力基建
上櫃ETF,9806,台新標普500
上櫃ETF,9807,台新標普科技精選
ETF,9808,華南永昌優選50
ETF,9809,富邦淨零ESG50
ETF,9810,保德信全球藍籌
ETF,9811,統一美國50
ETF,9812,野村日本東證
ETF,9813,貝萊德標普卓越50
其他,9902,台火
其他,9904,寶成
運動休閒,9904,寶成
其他,9905,大華
建材營造,9906,欣巴巴
其他,9907,統一實
油電燃氣業,9908,大台北
其他,9910,豐泰
運動休閒,9910,豐泰
其他,9911,櫻花
居家生活,9911,櫻花
電子工業,9912,偉聯
電腦及週邊設備業,9912,偉聯
其他,9914,美利達
運動休閒,9914,美利達
其他,9915,億豐
其他,9917,中保科
油電燃氣業,9918,欣天然
其他,9919,康那香
其他,9921,巨大
運動休閒,9921,巨大
其他,9922,優美
其他,9924,福興
居家生活,9924,福興
其他,9925,新保
油電燃氣業,9926,新海
其他,9927,泰銘
其他,9928,中視
其他,9929,秋雨
其他,9930,中聯資源
綠能環保,9930,中聯資源
油電燃氣業,9931,欣高
其他,9933,中鼎
其他,9934,成霖
居家生活,9934,成霖
其他,9935,慶豐富
居家生活,9935,慶豐富
油電燃氣業,9937,全國
其他,9938,百和
其他,9939,宏全
其他,9940,信義
其他,9941,裕融
其他,9942,茂順
觀光事業,9943,好樂迪
觀光餐旅,9943,好樂迪
其他,9944,新麗
其他,9945,潤泰新
建材營造,9946,三發地產
文化創意業,9949,琉園
塑膠工業,9950,萬國通
電機機械,9951,皇田
其他,9955,佳龍
綠能環保,9955,佳龍
鋼鐵工業,9957,燁聯
鋼鐵工業,9958,世紀鋼
貿易百貨,9960,邁達康
運動休閒類,9960,邁達康
鋼鐵工業,9962,有益
ETN,20000,富邦特選蘋果N
指數投資證券(ETN),20001,富邦存股雙十N
ETN,20002,元富新中國N
指數投資證券(ETN),20003,統一漲升股利150N
ETN,20004,兆豐電菁英30N
ETN,20005,永豐外資50N
ETN,20006,永昌中小300N
ETN,20007,凱基臺灣500N
ETN,20008,元大特股高息N
指數投資證券(ETN),20009,群益A50綠碳N
指數投資證券(ETN),20010,永昌富櫃200N
ETN,20011,統一微波高息20N
ETN,20012,富邦行動通訊N
指數投資證券(ETN),20013,元富亞洲高股息N
指數投資證券(ETN),20014,元大富櫃200N
ETN,20015,統一MSCI美低波N
ETN,20016,統一MSCI美科技N
指數投資證券(ETN),20017,永豐富櫃200N
ETN,20018,統一價值成長30N
ETN,20019,統一特選台灣5GN
ETN,20020,元大台股領航N
指數投資證券(ETN),20021,統一恒生科技N
ETN,20022,元大電動車N
指數投資證券(ETN),20023,元大櫃買半導體N
指數投資證券(ETN),20024,兆豐富櫃200N
指數投資證券(ETN),20025,統一亞洲半導體N
指數投資證券(ETN),20026,兆豐上櫃ESG電菁N
指數投資證券(ETN),20027,元大上櫃ESG成長N
ETN,20028,元大特選電動車N
ETN,20029,元大ESG高股息N
ETN,20030,統一智慧電動車N
ETN,20031,統一IC設計臺灣N
ETN,20032,元大綠能N
指數投資證券(ETN),20033,統一恒生科期N
ETN,20034,元大IC設計N
指數投資證券(ETN),20035,元大上櫃ESG高息N
ETN,20036,元大金融配息N
ETN,20037,元大金融高股息N
ETN,20038,元大ESG配息N
ETN,20039,元大加權N
指數投資證券(ETN),20040,元大上櫃ESG龍頭N
指數投資證券(ETN),20041,兆豐半導體氣候N
所有證券,708785,信驊中信9B購01
所有證券,709403,雙美國票9B購01
所有證券,709966,金居群益9B購01
所有證券,709972,旺矽元大9B購01
所有證券,709983,群聯日盛9B購01
所有證券,709985,大江富邦9B購02
所有證券,709994,中美晶元大9B購01
所有證券,710499,網家國泰9B購01
所有證券,710502,泰博元大9B購01
所有證券,710505,泰博富邦9B購01
所有證券,710509,建榮凱基9B購01
所有證券,710510,群聯凱基9B購03
所有證券,710516,宇峻永豐9B購01
所有證券,710533,鈊象元大9B購04
所有證券,710534,鈺太元大9B購01
所有證券,710553,穩懋統一9B購03
所有證券,710560,宏捷科元大9B購02
所有證券,710561,威剛元大9B購02
所有證券,710566,碩禾元大9B購01
所有證券,710569,中美晶富邦9B購04
所有證券,710575,環球晶中信9B購01
所有證券,710590,鈺太凱基9B購01
所有證券,711126,聯亞元大9B購05
所有證券,711127,頎邦元大9B購03
所有證券,711131,胡連永豐9B購01
所有證券,711132,僑威永豐9B購01
所有證券,711133,寶雅永豐9B購01
所有證券,711134,中美晶群益9B購03
所有證券,711135,元太群益9B購01
所有證券,711137,胡連群益9B購01
所有證券,711139,中美晶凱基9B購02
所有證券,711140,旺矽凱基9B購01
所有證券,711141,胡連凱基9B購01
所有證券,711145,環球晶國票9B購02
存託憑證,910069,新曄
存託憑證,910322,康師傅-DR
存託憑證,910482,聖馬丁-DR
存託憑證,910579,歐聖
存託憑證,910708,恒大健-DR
存託憑證,910801,金衛-DR
存託憑證,910861,神州-DR
存託憑證,910948,融達
存託憑證,911201,僑威控
存託憑證,911602,華豐泰
存託憑證,911606,超級
存託憑證,911608,明輝-DR
存託憑證,911609,揚子江
存託憑證,911610,聯環
存託憑證,911611,中泰山-DR
存託憑證,911612,滬安
存託憑證,911616,杜康-DR
存託憑證,911619,耀傑-DR
存託憑證,911622,泰聚亨-DR
存託憑證,911626,MSH-DR
存託憑證,911868,同方友友-DR
存託憑證,912000,晨訊科-DR
存託憑證,912398,友佳-DR
存託憑證,913889,大成糖
存託憑證,916665,爾必達
ETF,00625K,富邦上証+R
ETF,00631L,元大台灣50正2
ETF,00632R,元大台灣50反1
ETF,00633L,富邦上証正2
ETF,00634R,富邦上証反1
ETF,00635U,期元大S&P黃金
ETF,00636K,國泰中國A50+U
ETF,00637L,元大滬深300正2
ETF,00638R,元大滬深300反1
ETF,00640L,富邦日本正2
ETF,00641R,富邦日本反1
ETF,00642U,期元大S&P石油
ETF,00643K,群益深証中小+R
ETF,00647L,元大S&P500正2
ETF,00648R,元大S&P500反1
ETF,00650L,復華香港正2
ETF,00651R,復華香港反1
ETF,00653L,富邦印度正2
ETF,00654R,富邦印度反1
ETF,00655L,國泰中國A50正2
ETF,00656R,國泰中國A50反1
ETF,00657K,國泰日經225+U
ETF,00658L,國泰日本正2
ETF,00659R,國泰日本反1
ETF,00663L,國泰臺灣加權正2
ETF,00664R,國泰臺灣加權反1
ETF,00665L,富邦恒生國企正2
ETF,00666R,富邦恒生國企反1
ETF,00668K,國泰美國道瓊+U
ETF,00669R,國泰美國道瓊反1
ETF,00670L,富邦NASDAQ正2
ETF,00671R,富邦NASDAQ反1
ETF,00672L,元大S&P原油正2
ETF,00673R,期元大S&P原油反1
ETF,00674R,期元大S&P黃金反1
ETF,00675L,富邦臺灣加權正2
ETF,00676R,富邦臺灣加權反1
ETF,00677U,期富邦VIX
上櫃指數股票型基金(ETF),00679B,元大美債20年
上櫃ETF,00679B,元大美債20年
ETF,00680L,元大美債20正2
ETF,00681R,元大美債20反1
ETF,00682U,期元大美元指數
ETF,00683L,期元大美元指正2
ETF,00684R,期元大美元指反1
ETF,00685L,群益臺灣加權正2
ETF,00686R,群益臺灣加權反1
上櫃指數股票型基金(ETF),00687B,國泰20年美債
上櫃ETF,00687B,國泰20年美債
上櫃ETF,00687C,國泰20年美債+櫃U
ETF,00688L,國泰20年美債正2
ETF,00689R,國泰20年美債反1
ETF,00691R,兆豐藍籌30反1
ETF,00693U,期街口S&P黃豆
上櫃指數股票型基金(ETF),00694B,富邦美債1-3
上櫃ETF,00694B,富邦美債1-3
上櫃指數股票型基金(ETF),00695B,富邦美債7-10
上櫃ETF,00695B,富邦美債7-10
上櫃指數股票型基金(ETF),00696B,富邦美債20年
上櫃ETF,00696B,富邦美債20年
上櫃指數股票型基金(ETF),00697B,元大美債7-10
上櫃ETF,00697B,元大美債7-10
ETF,00698L,元大美債7-10正2
ETF,00699R,元大美債7-10反1
ETF,00704L,台新MSCI台灣正2
ETF,00705R,台新MSCI台灣反1
ETF,00706L,期元大S&P日圓正2
ETF,00707R,期元大S&P日圓反1
ETF,00708L,期元大S&P黃金正2
ETF,00710B,復華彭博非投等債
ETF,00711B,復華彭博新興債
ETF,00715L,期街口布蘭特正2
ETF,00716R,華頓S&P布蘭特反1
上櫃指數股票型基金(ETF),00718B,富邦中國政策債
上櫃ETF,00718B,富邦中國政策債
上櫃指數股票型基金(ETF),00719B,元大美債1-3
上櫃ETF,00719B,元大美債1-3
上櫃指數股票型基金(ETF),00720B,元大投資級公司債
上櫃ETF,00720B,元大投資級公司債
上櫃指數股票型基金(ETF),00721B,元大中國債3-5
上櫃指數股票型基金(ETF),00722B,群益投資級電信債
上櫃ETF,00722B,群益投資級電信債
上櫃指數股票型基金(ETF),00723B,群益投資級科技債
上櫃ETF,00723B,群益投資級科技債
上櫃指數股票型基金(ETF),00724B,群益投資級金融債
上櫃ETF,00724B,群益投資級金融債
上櫃指數股票型基金(ETF),00725B,國泰投資級公司債
上櫃ETF,00725B,國泰投資級公司債
上櫃指數股票型基金(ETF),00726B,國泰新興投等債
上櫃ETF,00726B,國泰新興投等債
上櫃指數股票型基金(ETF),00727B,國泰優選非投等債
上櫃ETF,00727B,國泰優選非投等債
ETF,00729R,第一金工業30反1
上櫃指數股票型基金(ETF),00734B,台新JPM新興債
上櫃ETF,00734B,台新JPM新興債
ETF,00738U,期元大道瓊白銀
上櫃指數股票型基金(ETF),00740B,富邦全球投等債
上櫃ETF,00740B,富邦全球投等債
上櫃指數股票型基金(ETF),00741B,富邦全球非投等債
上櫃ETF,00741B,富邦全球非投等債
上櫃指數股票型基金(ETF),00744B,國泰中國政金債5+
上櫃指數股票型基金(ETF),00745B,富邦中政債0-1
上櫃指數股票型基金(ETF),00746B,富邦A級公司債
上櫃ETF,00746B,富邦A級公司債
上櫃指數股票型基金(ETF),00747B,FH中國政策債
上櫃指數股票型基金(ETF),00748B,凱基中國債3-10
上櫃指數股票型基金(ETF),00749B,凱基新興債10+
上櫃ETF,00749B,凱基新興債10+
上櫃指數股票型基金(ETF),00750B,凱基科技債10+
上櫃ETF,00750B,凱基科技債10+
上櫃指數股票型基金(ETF),00751B,元大AAA至A公司債
上櫃ETF,00751B,元大AAA至A公司債
ETF,00753L,中信中國50正2
上櫃指數股票型基金(ETF),00754B,群益AAA-AA公司債
上櫃ETF,00754B,群益AAA-AA公司債
上櫃指數股票型基金(ETF),00755B,群益投資級公用債
上櫃ETF,00755B,群益投資級公用債
上櫃指數股票型基金(ETF),00756B,群益投等新興公債
上櫃ETF,00756B,群益投等新興公債
上櫃指數股票型基金(ETF),00758B,復華能源債
上櫃ETF,00758B,復華能源債
上櫃指數股票型基金(ETF),00759B,復華製藥債
上櫃ETF,00759B,復華製藥債
上櫃指數股票型基金(ETF),00760B,復華新興企業債
上櫃ETF,00760B,復華新興企業債
上櫃指數股票型基金(ETF),00761B,國泰A級公司債
上櫃ETF,00761B,國泰A級公司債
ETF,00763U,期街口道瓊銅
上櫃指數股票型基金(ETF),00764B,群益25年美債
上櫃ETF,00764B,群益25年美債
上櫃指數股票型基金(ETF),00765B,群益中國政金債
ETF,00766L,台新MSCI中國正2
上櫃指數股票型基金(ETF),00768B,復華20年美債
上櫃ETF,00768B,復華20年美債
上櫃指數股票型基金(ETF),00772B,中信高評級公司債
上櫃ETF,00772B,中信高評級公司債
上櫃指數股票型基金(ETF),00773B,中信優先金融債
上櫃ETF,00773B,中信優先金融債
ETF,00774B,新光中國政金綠債
ETF,00774C,新光中政金綠債+R
ETF,00775B,新光投等債15+
上櫃指數股票型基金(ETF),00777B,凱基AAA至A公司債
上櫃ETF,00777B,凱基AAA至A公司債
上櫃指數股票型基金(ETF),00778B,凱基金融債20+
上櫃ETF,00778B,凱基金融債20+
上櫃指數股票型基金(ETF),00779B,凱基美債25+
上櫃ETF,00779B,凱基美債25+
上櫃指數股票型基金(ETF),00780B,國泰A級金融債
上櫃ETF,00780B,國泰A級金融債
上櫃指數股票型基金(ETF),00781B,國泰A級科技債
上櫃ETF,00781B,國泰A級科技債
上櫃指數股票型基金(ETF),00782B,國泰A級公用債
上櫃ETF,00782B,國泰A級公用債
上櫃指數股票型基金(ETF),00784B,富邦中國投等債
上櫃ETF,00784B,富邦中國投等債
上櫃指數股票型基金(ETF),00785B,富邦金融投等債
上櫃ETF,00785B,富邦金融投等債
上櫃指數股票型基金(ETF),00786B,元大10年IG銀行債
上櫃ETF,00786B,元大10年IG銀行債
上櫃指數股票型基金(ETF),00787B,元大10年IG醫療債
上櫃ETF,00787B,元大10年IG醫療債
上櫃指數股票型基金(ETF),00788B,元大10年IG電能債
上櫃ETF,00788B,元大10年IG電能債
上櫃指數股票型基金(ETF),00789B,復華公司債A3
上櫃ETF,00789B,復華公司債A3
上櫃指數股票型基金(ETF),00790B,復華次順位金融債
上櫃ETF,00790B,復華次順位金融債
上櫃指數股票型基金(ETF),00791B,復華信用債1-5
上櫃ETF,00791B,復華信用債1-5
上櫃指數股票型基金(ETF),00792B,群益A級公司債
上櫃ETF,00792B,群益A級公司債
上櫃指數股票型基金(ETF),00793B,群益AAA-A醫療債
上櫃ETF,00793B,群益AAA-A醫療債
上櫃指數股票型基金(ETF),00794B,群益7+中國政金債
上櫃ETF,00794B,群益7+中國政金債
上櫃指數股票型基金(ETF),00795B,中信美國公債20年
上櫃ETF,00795B,中信美國公債20年
上櫃指數股票型基金(ETF),00796B,中信中國債7-10
上櫃指數股票型基金(ETF),00798B,國泰中企A級債7+
上櫃指數股票型基金(ETF),00799B,國泰A級醫療債
上櫃ETF,00799B,國泰A級醫療債
上櫃指數股票型基金(ETF),00831B,新光美債1-3
上櫃指數股票型基金(ETF),00832B,新光美債20+
上櫃指數股票型基金(ETF),00833B,第一金美債20+
上櫃指數股票型基金(ETF),00834B,第一金金融債10+
上櫃ETF,00834B,第一金金融債10+
上櫃指數股票型基金(ETF),00835B,第一金科技債10+
上櫃指數股票型基金(ETF),00836B,永豐10年A公司債
上櫃ETF,00836B,永豐10年A公司債
上櫃指數股票型基金(ETF),00837B,永豐15年金融債
上櫃指數股票型基金(ETF),00838B,永豐7-10年中國債
上櫃指數股票型基金(ETF),00839B,凱基醫療保健債
上櫃指數股票型基金(ETF),00840B,凱基IG精選15+
上櫃ETF,00840B,凱基IG精選15+
上櫃指數股票型基金(ETF),00841B,凱基AAA-AA公司債
上櫃ETF,00841B,凱基AAA-AA公司債
上櫃指數股票型基金(ETF),00842B,台新美元銀行債
上櫃ETF,00842B,台新美元銀行債
上櫃指數股票型基金(ETF),00843B,台新中國政策債
上櫃指數股票型基金(ETF),00844B,新光15年IG金融債
上櫃ETF,00844B,新光15年IG金融債
上櫃指數股票型基金(ETF),00845B,富邦新興投等債
上櫃ETF,00845B,富邦新興投等債
上櫃指數股票型基金(ETF),00846B,富邦歐洲銀行債
上櫃ETF,00846B,富邦歐洲銀行債
上櫃指數股票型基金(ETF),00847B,中信美國市政債
上櫃ETF,00847B,中信美國市政債
上櫃指數股票型基金(ETF),00848B,中信新興亞洲債
上櫃ETF,00848B,中信新興亞洲債
上櫃指數股票型基金(ETF),00849B,中信EM主權債0-5
上櫃ETF,00849B,中信EM主權債0-5
ETF,00852L,國泰美國道瓊正2
上櫃指數股票型基金(ETF),00853B,統一美債10年Aa-A
上櫃ETF,00853B,統一美債10年Aa-A
上櫃指數股票型基金(ETF),00854B,富邦全球保險債
上櫃指數股票型基金(ETF),00855B,富邦全球能源債
上櫃指數股票型基金(ETF),00856B,永豐1-3年美公債
上櫃ETF,00856B,永豐1-3年美公債
上櫃指數股票型基金(ETF),00857B,永豐20年美公債
上櫃ETF,00857B,永豐20年美公債
上櫃指數股票型基金(ETF),00859B,群益0-1年美債
上櫃ETF,00859B,群益0-1年美債
上櫃指數股票型基金(ETF),00860B,群益1-5Y投資級債
上櫃ETF,00860B,群益1-5Y投資級債
上櫃指數股票型基金(ETF),00862B,中信投資級公司債
上櫃ETF,00862B,中信投資級公司債
上櫃指數股票型基金(ETF),00863B,中信全球電信債
上櫃ETF,00863B,中信全球電信債
上櫃指數股票型基金(ETF),00864B,中信美國公債0-1
上櫃ETF,00864B,中信美國公債0-1
ETF,00865B,國泰US短期公債
上櫃指數股票型基金(ETF),00867B,新光A-BBB電信債
上櫃ETF,00867B,新光A-BBB電信債
上櫃指數股票型基金(ETF),00868B,FT1-3年美公債
上櫃指數股票型基金(ETF),00869B,FT10-25年公司債
上櫃指數股票型基金(ETF),00870B,元大15年EM主權債
上櫃ETF,00870B,元大15年EM主權債
上櫃指數股票型基金(ETF),00871B,元大中國政金債
上櫃指數股票型基金(ETF),00872B,凱基美債1-3
上櫃指數股票型基金(ETF),00873B,凱基新興債1-5
上櫃指數股票型基金(ETF),00874B,凱基BBB公司債15+
上櫃指數股票型基金(ETF),00879B,第一金美債0-1
上櫃指數股票型基金(ETF),00880B,第一金電信債15+
上櫃指數股票型基金(ETF),00883B,中信ESG投資級債
上櫃ETF,00883B,中信ESG投資級債
上櫃指數股票型基金(ETF),00884B,中信低碳新興債
上櫃ETF,00884B,中信低碳新興債
上櫃指數股票型基金(ETF),00889B,凱基ESG新興債15+
上櫃指數股票型基金(ETF),00890B,凱基ESG BBB債15+
上櫃ETF,00890B,凱基ESG BBB債15+
上櫃指數股票型基金(ETF),00931B,統一美債20年
上櫃ETF,00931B,統一美債20年
上櫃指數股票型基金(ETF),00933B,國泰10Y+金融債
上櫃ETF,00933B,國泰10Y+金融債
上櫃指數股票型基金(ETF),00937B,群益ESG投等債20+
上櫃ETF,00937B,群益ESG投等債20+
上櫃指數股票型基金(ETF),00942B,台新美A公司債20+
上櫃ETF,00942B,台新美A公司債20+
ETF,00945B,凱基美國非投等債
上櫃指數股票型基金(ETF),00948B,中信優息投資級債
上櫃ETF,00948B,中信優息投資級債
上櫃指數股票型基金(ETF),00950B,凱基A級公司債
上櫃ETF,00950B,凱基A級公司債
ETF,00953B,群益優選非投等債
上櫃指數股票型基金(ETF),00957B,兆豐US優選投等債
上櫃ETF,00957B,兆豐US優選投等債
上櫃指數股票型基金(ETF),00958B,永豐ESG銀行債15+
上櫃ETF,00958B,永豐ESG銀行債15+
上櫃指數股票型基金(ETF),00959B,大華投等美債15Y+
上櫃ETF,00959B,大華投等美債15Y+
上櫃指數股票型基金(ETF),00966B,統一ESG投等債15+
上櫃ETF,00966B,統一ESG投等債15+
上櫃指數股票型基金(ETF),00967B,元大優息美債
上櫃ETF,00967B,元大優息美債
上櫃指數股票型基金(ETF),00968B,元大優息投等債
上櫃ETF,00968B,元大優息投等債
上櫃指數股票型基金(ETF),00969B,元大零息超長美債
上櫃ETF,00969B,元大零息超長美債
上櫃指數股票型基金(ETF),00970B,新光BBB投等債20+
上櫃ETF,00970B,新光BBB投等債20+
ETF,00980A,主動野村臺灣優選
上櫃ETF,00980B,台新特選IG債10+
上櫃ETF,00980D,主動聯博投等入息
上櫃ETF,00980T,平衡凱基美國TOP
ETF,00981A,主動統一台股增長
上櫃ETF,00981B,第一金優選非投債
上櫃ETF,00981D,主動中信非投等債
ETF,00981T,平衡凱基雙核收息
ETF,00982A,主動群益台灣強棒
上櫃ETF,00982B,FT投資級債20+
ETF,00982D,主動富邦動態入息
ETF,00983A,主動中信ARK創新
上櫃ETF,00983B,大華優利美公債20
ETF,00983D,主動富邦複合收益
ETF,00984A,主動安聯台灣高息
上櫃ETF,00984B,大華優利美A債15
ETF,00985A,主動野村台灣50
ETF,00985B,群益ESG投等債0-5
ETF,00986A,主動台新龍頭成長
上櫃ETF,00986B,FT金融債10+
ETF,00988A,主動統一全球創新
ETF,00989A,主動摩根美國科技
受益證券,01001T,土銀富邦R1
受益證券,01002T,土銀國泰R1
受益證券,01003T,兆豐新光R1
受益證券,01004T,土銀富邦R2
受益證券,01005T,三鼎
受益證券,01007T,兆豐國泰R2
受益證券,01008T,駿馬R1
受益證券,01009T,王道圓滿R1
指數投資證券(ETN),02001B,統一美國政府債N
ETN,02001L,富邦蘋果正二N
ETN,02001R,富邦蘋果反一N
ETN,02001S,策元大加權策略N
指數投資證券(ETN),02002L,兆豐富櫃200正二N
指數投資證券(ETN),02003L,永豐富櫃200正2N
水泥工業,1101B,台泥乙特
塑膠工業,1312A,國喬特
汽車工業,1522A,堤維西甲特
鋼鐵工業,2002A,中鋼特
其他,2348A,海悅甲特
金融保險,2833A,台壽甲
金融保險,2836A,高雄銀甲特
金融保險,2838A,聯邦銀甲特
金融保險,2881A,富邦特
金融保險,2881B,富邦金乙特
金融保險,2881C,富邦金丙特
金融保險,2882A,國泰特
金融保險,2882B,國泰金乙特
金融保險,2883A,開發特
金融保險,2883B,凱基金乙特
金融保險,2887C,新丙特
金融保險,2887E,台新新光戊特一
金融保險,2887F,台新新光戊特二
金融保險,2887G,台新新光庚特一
金融保險,2887H,台新新光庚特二
金融保險,2887I,台新新光辛特
金融保險,2887Z1,台新新光己特
金融保險,2888A,新光金甲特
金融保險,2888B,新光金乙特
金融保險,2891A,中信特
金融保險,2891B,中信金乙特
金融保險,2891C,中信金丙特
金融保險,2897A,王道銀甲特
金融保險,2897B,王道銀乙特
電子通路業,3036A,文曄甲特
電子工業,3036A,文曄甲特
電子通路業,3702A,大聯大甲特
電子工業,3702A,大聯大甲特
生技醫療業,4129A,聯合甲特
其他,5871A,中租-KY甲特
其他,6592A,和潤企業甲特
其他,6592B,和潤企業乙特
所有證券,73107P,原相國票9B售02
所有證券,73193P,神盾元大9B售04
電子通路業,8112A,至上甲特
電子工業,8112A,至上甲特
鋼鐵工業,8349A,恒耀甲特
其他,8916A,光隆甲特
其他,9941A,裕融甲特
Index,Automobile,汽車類指數
Index,BiotechnologyMedicalCare,生技醫療類指數
Index,BuildingMaterialConstruction,建材營造類指數
Index,Cement,水泥類指數
Index,Chemical,化學類指數
Index,ChemicalBiotechnologyMedicalCare,化學生技醫療類指數
Index,CommunicationsInternet,通信網路類指數
Index,ComputerPeripheralEquipment,電腦及週邊設備類指數
Index,ElectricalCable,電器電纜類指數
Index,ElectricMachinery,電機機械類指數
Index,Electronic,電子類指數
Index,ElectronicPartsComponents,電子零組件類指數
Index,ElectronicProductsDistribution,電子通路類指數
Index,FinancialInsurance,金融保險類指數
Index,Food,食品類指數
Index,GlassCeramic,玻璃陶瓷類指數
Index,InformationService,資訊服務類指數
Index,IronSteel,鋼鐵類指數
Index,OilGasElectricity,油電燃氣類指數
Index,Optoelectronic,光電類指數
Index,Other,其他類指數
Index,OtherElectronic,其他電子類指數
Index,PaperPulp,造紙類指數
Index,Plastics,塑膠類指數
Index,Rubber,橡膠類指數
Index,Semiconductor,半導體類指數
Index,ShippingTransportation,航運業類指數
大盤,TAIEX,加權指數
Index,Textiles,紡織纖維類指數
Index,Tourism,觀光事業類指數
大盤,TPEx,櫃買指數
Index,TradingConsumersGoods,貿易百貨類指數
